Date,BTCC-B.TO,ETHH-B.TO,VCN.TO,XIC.TO
2022-01-05,-0.04712642027594949,-0.05750431484173946,-0.008630719409922327,-0.008883601806157992
2022-01-06,-0.018094043331786103,-0.047589979378755976,0.0021176506491269453,0.0014938522628322737
2022-01-07,-0.036855058732393475,-0.07046761383654998,0.001173966585616748,0.0002982792779433474
2022-01-10,-0.0025510179256708065,-0.03652658017127752,-0.0009381077884595967,-0.0005964944375727033
2022-01-11,0.019181536475389338,0.044349131583320434,0.009155005124768412,0.010444712215740504
2022-01-12,0.017565855730371283,0.0376711796363105,0.006047878841173304,0.005316016005054491
2022-01-13,-0.02466088997925786,-0.03300330116104033,-0.0050867334266618824,-0.004406625201072822
2022-01-14,0.012642273501742629,0.015017083464667014,0.003950778258547727,0.002950790516948354
2022-01-17,-0.026217232477693475,-0.03227972736586748,0.008333347314669615,0.010297100818998262
2022-01-18,-0.00961542106003832,-0.027797120407311082,-0.011937567524561876,-0.013977854982628934
2022-01-19,-0.004530724640025019,-0.006433177559708958,-0.0037174684946251757,-0.003839369928289149
2022-01-20,0.027308197215134555,0.02733813847982658,-0.006996250690012751,-0.006225884593022202
2022-01-21,-0.09620255945661327,-0.1351540187388992,-0.021136718815791933,-0.0217780290055829
2022-01-24,-0.02521006046281926,-0.10040491388591466,-0.0009597148568728509,-0.0012199119978798523
2022-01-25,-0.011494241848790776,-0.009000848864591071,0.00072043179002379,0.0012214020008349813
2022-01-26,0.00872092177056838,0.036330573134865096,0.0011999772967370426,0.0006099559989398706
2022-01-27,-0.03458216800814329,-0.06573181507711467,-0.002396986718416816,-0.002743070674210757
2022-01-28,0.06417915185328105,0.076923049396036,0.008890022971590694,0.0097799414084907
2022-01-31,0.014025231841165109,0.0644599960191572,0.018099506814807764,0.017251806266032732
2022-02-01,0.0,0.03191484297268854,0.009824518571820207,0.010711115852841901
2022-02-02,-0.027662490835064557,-0.02061849978479935,0.0025480800328292474,0.0017661924179497301
2022-02-03,-0.032005743208343485,-0.051821888546904615,-0.012938945803797619,-0.012341997767006396
2022-02-04,0.1241734442828204,0.15200680846905135,0.008426980338593681,0.008330817441599248
2022-02-07,0.07973857855031907,0.0585618958678118,-0.002089139943420637,-0.0014753389778997539
2022-02-08,0.00665851694642261,-0.006302531811684053,0.006978349042745302,0.006501218076569781
2022-02-09,0.009019935865829165,0.04157858844502904,0.010395027799088075,0.010863150821095013
2022-02-10,-0.011918996111759728,-0.04330171862051713,-0.002972132215971812,-0.0031949058779132677
2022-02-11,-0.0398069873612269,-0.06011317969105401,-0.0004586209007968467,0.0002914375384444057
2022-02-14,-0.0037688705608767137,-0.007524483202164256,-0.007570585682484698,-0.007864854161453327
2022-02-15,0.04665830648242997,0.07505691859648356,0.006472552123395925,0.006752775483347184
2022-02-16,-0.003614425576119795,0.007757380416775872,-0.004823129996714526,-0.005541045095750152
2022-02-17,-0.07134227288599126,-0.07837647925464708,-0.010154683194379621,-0.010850409045195741
2022-02-18,-0.019531200766018997,-0.036446506691723335,-0.0076940550490440796,-0.006225884593022202
2022-02-22,-0.050464821228815016,-0.06461778738683388,-0.0054041244082446704,-0.005071658153966485
2022-02-23,-0.008391600276818956,0.005054795298666814,-0.00779593235955367,-0.007796051976882601
2022-02-24,0.023977443248981434,0.017602685060776224,0.0009524027506511157,0.0012088520804740543
2022-02-25,0.009641830939032925,0.014826964284269328,0.01736440357608804,0.016601244169287765
2022-02-28,0.07094133510762735,0.04058441658972245,0.00023376949792353052,0.0005938378142056333
2022-03-01,0.0573248779069071,0.05772236680249221,-0.005843852434165742,-0.005341255225540853
2022-03-02,-0.015662664030542395,-0.019174057583781767,0.01199158595976102,0.012231498860768797
2022-03-03,-0.03794368909237056,-0.04736842897790283,0.0011616922861752421,0.0
2022-03-04,-0.05597965009495798,-0.05998423238400963,0.007194276449135728,0.007368110750115786
2022-03-07,-0.04312670732763746,-0.05373630544483177,-0.004147472323669188,-0.004681095552473757
2022-03-08,0.03239436931871187,0.04436557051384682,-0.005090264102022735,-0.003233410019736205
2022-03-09,0.07912686626779752,0.043330438009551386,0.01302328775095396,0.012385785477219136
2022-03-10,-0.05562579844605342,-0.026058607637020947,0.003902620835304793,0.004369289344049898
2022-03-11,-0.03480585801167835,-0.03762540199246167,-0.005259536808688625,-0.005800486241145708
2022-03-14,0.018030528953274283,0.007819300677514684,-0.011494252873563204,-0.012251989028627563
2022-03-15,0.019073550895804203,0.04568963065017084,0.0006976460301599818,0.0011813619257619035
2022-03-16,0.02406414811225077,0.028854033346523256,0.013014208440099928,0.012684374213007832
2022-03-17,-0.007180134390890935,0.02083335243738693,0.013994049282318066,0.013981925914204885
2022-03-18,0.02695593993319023,0.04866561198569519,0.0024887015487067288,0.0022981330997247085
2022-03-21,-0.02048653631041719,-0.017215535040929097,0.008124504276618927,0.008598430562012371
2022-03-22,0.026143765591094548,0.021325188920846783,0.0033579926578817254,0.00312590550282299
2022-03-23,-0.0025477683018455544,-0.007457078965941055,-0.007139663029965937,-0.006798806486022935
2022-03-24,0.037037032526018976,0.04507884364234216,0.0006741298718397903,0.0008556411329672109
2022-03-25,0.0073892143426512735,-0.002875626332984438,0.0026948742392021163,-0.0028497712649260265
2022-03-28,0.08251824106087757,0.09805332861561356,-0.00022401200198551852,-0.001143209877350837
2022-03-29,-0.006211107210015165,0.004596234445339853,0.004032264956023379,0.004864039062499215
2022-03-30,-0.015909129578219106,-0.013071882795547274,0.0008924791566200518,0.0002847988762717524
2022-03-31,-0.028868360785792357,-0.027152370246928403,-0.014935398451331627,-0.00768575148176498
2022-04-01,0.017835977993596153,0.053778079266113554,0.0013578043710269494,0.00200802333903094
2022-04-04,-0.011682286982201417,0.005168015487474253,0.006101705260195933,0.005725758980592355
2022-04-05,0.0023640075649142833,-0.0077121359895410135,-0.006289280692225341,-0.0065470975019434885
2022-04-06,-0.045990496544954684,-0.06670982907796308,-0.006555174152909182,-0.006303759629924133
2022-04-07,-0.007416615387517145,0.0027758474862309424,0.0020477850062696756,0.0017301433899370444
2022-04-08,-0.013698587837504772,0.004152278228974682,0.0022706283388345128,0.0025906778422430943
2022-04-11,-0.05934346748753294,-0.06547207403719979,-0.003851340536837,-0.0037324450554384603
2022-04-12,-0.017449616232484533,-0.011799468741531816,-0.0031839751139810524,-0.0031700463381270083
2022-04-13,0.03825132874384085,0.03208957592664041,0.005475652606509618,0.005492877301845667
2022-04-14,-0.026315764707210976,-0.024584248334310943,0.00022696020648349524,0.0008626393055539694
2022-04-18,0.021621600722988132,0.0007413068236847842,0.0004536443338420959,0.0005745606714919749
2022-04-19,0.019841282606185118,0.037777794731987946,0.007936560111759361,0.0066034892375819165
2022-04-20,-0.018158218650183522,-0.023554598023899698,-0.0013498621431080604,-0.0008557499377908062
2022-04-21,0.00792601603949139,-0.008771921263311722,-0.015544010727557955,-0.015700806629362574
2022-04-22,-0.03014416980652157,-0.013274358377996953,-0.020595000232635385,-0.020301646526473593
2022-04-25,0.0189189006326147,0.021674137471795252,-0.007943928940388534,-0.008584876000878094
2022-04-26,-0.04376656835220383,-0.05340164534282532,-0.015544038192253917,-0.015228489419825464
2022-04-27,0.018030528953274283,0.006182448220604986,0.002392399297694192,0.002425768106886439
2022-04-28,0.02588556584068602,0.03225799599486101,0.01789976068465715,0.01754379891907676
2022-04-29,-0.03851267338776965,-0.05022315908742736,-0.01664719516455615,-0.015755017506331015
2022-05-02,0.009668532303084065,0.019193096668206344,-0.002384322303182196,-0.003624250367644133
2022-05-03,-0.027359755243594353,-0.02536509745583737,0.010038197117915981,0.010306157480731937
2022-05-04,0.05063286215429397,0.05757094043115707,0.013251334489657873,0.013501257831402436
2022-05-05,-0.08165992955959589,-0.06860552473991932,-0.022886491107443452,-0.022794567364981422
2022-05-06,-0.00583089811581905,-0.012810236216504345,-0.003107100087025083,-0.003332226635787028
2022-05-09,-0.1304985807802328,-0.14679638906261627,-0.02948932076803179,-0.03069915165310888
2022-05-10,0.013490793062236328,0.03992386923421409,-0.005434812825864221,-0.0062715227161698195
2022-05-11,-0.06988353748733322,-0.10694690744939095,-0.0027321609597650287,-0.0018933850514306627
2022-05-12,-0.019678019769548638,-0.07574213819042797,-0.007222936600398966,-0.0053746468796879165
2022-05-13,0.04197080625418925,0.05204875757777705,0.021324597619307273,0.01907191056195856
2022-05-16,-0.022767095196571274,-0.03578948974609375,0.004421525650302405,0.005926344933574246
2022-05-17,0.012544833802593525,0.016375608592064328,0.012961574644362761,0.013333342796148173
2022-05-18,-0.019469049850918796,-0.023630532450380493,-0.018348584141247293,-0.019889887387056104
2022-05-19,0.01805052442619881,-0.0022002703441075244,0.004672863438809793,0.005619741243703347
2022-05-20,-0.019503485688163513,-0.011025295607504204,-0.0007343642697044128,0.0003105289200486805
2022-05-24,0.0,-0.005574157106622346,0.0066144159672276714,0.005586601438739791
2022-05-25,0.007233265883440865,-0.00448430061781413,0.004867382871665882,0.004012260719004512
2022-05-26,-0.008976694648817118,-0.06644145776849875,0.007023514388402097,0.007992688164376593
2022-05-27,-0.02173910977784832,-0.0434258305393207,0.010581977088331085,0.010673939138420518
2022-05-30,0.05740739579717502,0.08827242134366453,0.008091388597904592,0.007543753910812967
2022-05-31,0.02802098885169757,0.006952429333341836,-0.008734629994182508,-0.008086267226688815
2022-06-01,-0.04599659049240301,-0.0563866277075874,0.0,-0.0006038785751414366
2022-06-02,0.0,-0.004878044241882984,0.014050967587611485,0.015709984342453298
2022-06-03,-0.024999976583889194,-0.03921564960882995,-0.011038074224795857,-0.011600220167721886
2022-06-06,0.06410254618814104,0.06122443021609958,0.0007123908540029866,0.0009027619533592546
2022-06-07,-0.017211687713843182,-0.01201916243550094,0.00474610265392128,0.005712641340791524
2022-06-08,-0.026269718803033526,-0.029197109508376284,-0.006613102935469906,-0.00717493790710777
2022-06-09,0.007194237817389482,0.008771951315045712,-0.008797021742776079,-0.009936706577980958
2022-06-10,-0.03035715699804098,-0.05838512495561865,-0.014391904386792165,-0.013990355359690065
2022-06-13,-0.19152854414937037,-0.2598944340395808,-0.02725721410867965,-0.026218338128571994
2022-06-14,-0.03872439213307732,-0.008912689758447612,-0.007755850983823476,-0.009819432022142416
2022-06-15,-0.030805602859486414,-0.03597118908694685,0.0030256916880093687,0.003518893459569794
2022-06-16,-0.031784867870643496,-0.0597015230765604,-0.030920049773266234,-0.03092130043841046
2022-06-17,-0.010101000370632551,-0.007936500427734305,-0.0038909912879437902,-0.0032894862738344077
2022-06-20,-0.022959222152102332,0.02399997711181645,0.014062423941992863,0.012871330257990587
2022-06-21,0.03394258930301097,0.009765662471182601,0.003595357197821558,0.004235880042502416
2022-06-22,-0.03409090635424039,-0.04642171071830303,-0.012538425166536693,-0.012978573085367318
2022-06-23,0.04313724439113287,0.05476673231802165,-0.014770658009079951,-0.015121663072570568
2022-06-24,0.010025112826065108,0.08076924840374167,0.01814830663864675,0.011348470059336702
2022-06-27,-0.022332542903805597,-0.024911008778724986,0.010591574712192964,0.009901028117592858
2022-06-28,-0.027918815207329195,-0.036496315432303805,-0.001789358301008681,-0.0019607668364186592
2022-06-29,-0.0013054506845787683,-0.03219698286718742,-0.006402048780649872,-0.0062213663510735095
2022-06-30,-0.06928107231388125,-0.08806267599699791,-0.018298945835918623,-0.0112026408011342
2022-07-04,0.05056181731752041,0.10300429931130806,0.008401147113213492,0.00933024606831001
2022-07-05,0.04278077150339543,0.031128468561355316,-0.009112170671999542,-0.010894744835927672
2022-07-06,-0.0051282001121667475,0.007547162342173674,-0.004729382519205516,-0.005006662987784072
2022-07-07,0.0721648775032413,0.07490629346450928,0.0174234379303555,0.017443826470301182
2022-07-08,-0.007211474536436335,-0.005226434523942003,-0.002075812899694496,-0.0013187935469609613
2022-07-11,-0.0532687705845285,-0.07793347963020147,-0.010920389468102698,-0.010894744835927672
2022-07-12,-0.053708448474971804,-0.08452036203397995,-0.006834966613377236,-0.007676887492147122
2022-07-13,0.010810800361494177,0.02904561441900122,-0.0029116096851713458,-0.0030272503859285482
2022-07-14,0.06149733114625722,0.1189516427520656,-0.015662234312955436,-0.015182147937154777
2022-07-15,0.017632224871117375,0.055855843626285484,0.0026968303447425512,0.002740661947323808
2022-07-18,0.019801961500356402,0.15358363052249224,0.010489493987286158,0.010932684995546005
2022-07-19,0.07281558229804497,0.05769228598829579,0.019164259423784635,0.019263254203611968
2022-07-20,0.011312152270284148,-0.009790233668210857,0.004439753587897499,0.0039788076870197475
2022-07-21,-0.017897075494633263,0.018361598282739644,0.0013000321958076544,0.001981488262278841
2022-07-22,-0.02505687016462399,-0.031900141172897745,-0.0031160461468435763,-0.0032959914623202913
2022-07-25,-0.039719642046830095,-0.022922614179784362,0.006512112632838685,0.006613781893294535
2022-07-26,-0.038929460008040095,-0.08211142649328163,-0.0069875895970124,-0.00689884980738853
2022-07-27,0.08607592659870678,0.15335455690251476,0.014855348206709529,0.01521670521954821
2022-07-28,0.04428905802096783,0.08587262886607139,0.00975863075286787,0.010100992523554009
2022-07-29,0.0,-0.0025510179256708065,0.012716175073262281,0.013225801529422876
2022-08-02,-0.033482164001966574,-0.04347827942766613,-0.009794058077281398,-0.009869451367346072
2022-08-03,0.020785255005468795,0.006684517460877837,0.0030433408814611873,0.0016076924902657108
2022-08-04,-0.042986437543179656,-0.03851267338776965,0.0015171017559665323,0.0022471812417801384
2022-08-05,0.02836876714373293,0.06491716600651509,0.0017672227656044814,0.0022422038344795947
2022-08-08,0.034482781300221976,0.05577176433829534,0.002520122816330961,0.0019175284176040641
2022-08-09,-0.032222217983669754,-0.052825588088397435,-0.005279011838028258,-0.004784676768901597
2022-08-10,0.017221540513584932,0.07003890521157663,0.015415734522518765,0.016025640633763105
2022-08-11,0.022573450416414564,0.04121213970762305,0.005724229479577625,0.005678182760095796
2022-08-12,0.0022074506802507443,0.01746212058972829,0.009651061398690208,0.010037691674931626
2022-08-15,-0.0022025885746035367,-0.010297500565766726,0.0009804146145917514,0.0
2022-08-16,-0.004415006622562556,-0.010404532125154686,0.005141995193145288,0.004347807028923123
2022-08-17,-0.02439027226871704,-0.018691681453631315,-0.003897682104404554,-0.004638266084451503
2022-08-18,0.004545450112051208,0.021428608732160237,0.0039129334751863976,0.0043492764932751005
2022-08-19,-0.08144799260190394,-0.08741258818986608,-0.00755170680524353,-0.007732755516266732
2022-08-22,-0.00985220749181659,-0.07407406505203795,-0.007118333421194389,-0.006234496847642768
2022-08-23,0.014925358971198843,0.0462069018133755,0.0009888977694159085,0.0009410504214324433
2022-08-24,0.012254948938686727,0.01779825331123641,0.0004938661950473211,0.0012535542374998432
2022-08-25,-0.009685220519283777,0.014248722345065357,0.008146182293946813,0.008450718351057374
2022-08-26,-0.03422985322276617,-0.07790550950933883,-0.014446624642103556,-0.014897623569192553
2022-08-29,-0.030379777855453316,-0.0221606443298612,-0.0017391228527756653,-0.002520476505448843
2022-08-30,0.0,0.01558075558157812,-0.017172688438733097,-0.01579279856000604
2022-08-31,0.015665843966926607,0.022315180712635385,-0.0065839991182437,-0.009306771809974745
2022-09-01,-0.017994902255433542,-0.005457020773446786,-0.010706045726386781,-0.00842242377108704
2022-09-02,0.002617798596338705,-0.0041151897295163,0.006956981401950779,0.006533774962526051
2022-09-06,-0.0522192723888123,0.012396649161620532,-0.009723670683486785,-0.009412496371487333
2022-09-07,0.0055096364451752144,-0.006802682251218939,0.00904388804189038,0.007863688319739603
2022-09-08,0.016438340058043455,0.04794519116270535,0.008706790249184193,0.008777648106457425
2022-09-09,0.0943395959659834,0.03790849127291396,0.018532611158866175,0.01869158591271547
2022-09-12,0.0517241480558257,-0.003778363928482409,0.010717854352534584,0.0113887597612079
2022-09-13,-0.0843091092983358,-0.04298352494431068,-0.016769428309983736,-0.017203604906891656
2022-09-14,-0.014066512928353925,-0.013210089722861862,0.003762265610670612,0.004455741225604548
2022-09-15,-0.005188062471480959,-0.04819272647770845,-0.00799599428195763,-0.008238283690797044
2022-09-16,-0.0039113702099004,-0.04500705564729768,-0.00906802527539563,-0.008626151980711483
2022-09-19,-0.007853395789016004,-0.05743738861217351,0.009913558417278923,0.009023486081241927
2022-09-20,-0.01846963956394687,0.0,-0.009816244503950577,-0.009900973210797637
2022-09-21,0.008064508376086854,-0.012499987892806708,-0.009405158374419242,-0.009999982772334937
2022-09-22,0.018666648864746005,0.0015822392045994338,-0.008981326093272402,-0.008471822233867554
2022-09-23,-0.02094238877070942,-0.015797773434098383,-0.026928977980148372,-0.03614854980079085
2022-09-26,0.03208553081633436,0.04494385376422372,-0.006652474396459662,-0.008182740257158483
2022-09-27,-0.00518134234975598,-0.010752714162868826,-0.0024109335165641843,-0.00034376860877904925
2022-09-28,0.013020883294910135,0.0015527565148800715,0.020676600654173427,0.018913316317177298
2022-09-29,-0.00257069156647316,0.0062015446567253996,-0.020257739465097346,-0.011137358523553798
2022-09-30,0.015463902322123246,0.01078585117566444,-0.0008056550118655803,-0.0003412396516568883
2022-10-03,-0.010152274434545583,-0.030487776068545913,0.02391828571744914,0.023898901799614958
2022-10-04,0.02564100056083385,0.023584920160142353,0.026771666630288626,0.026342144766808406
2022-10-05,0.0,0.0015360601679110797,-0.007668692363282048,-0.006822644156483149
2022-10-06,0.007500052452087402,0.016871186171195873,-0.013137514825926178,-0.012430460077202388
2022-10-07,-0.0297767041514293,-0.022624448382846052,-0.020621270874662923,-0.02086787204274887
2022-10-11,-0.02046039907122854,-0.03240741319889662,-0.01972285899356041,-0.01962110738108447
2022-10-12,0.010443854477762526,0.014354091365498034,-0.0002718412687613414,-0.0006901469316630271
2022-10-13,0.007751992427776466,-0.015723255115296708,0.022028864922681635,0.021754181216567137
2022-10-14,-0.0025641000560834293,0.01757182949766345,-0.015167735011935357,-0.014531946703561394
2022-10-17,0.00771207469941948,0.012558857950282887,0.016482049122295006,0.015775068389175972
2022-10-18,-0.015306168375089801,-0.018604633970175866,0.009569394486251381,0.009790648209387909
2022-10-19,0.00259067117487799,-0.003159554686819721,-0.006582411875018179,-0.0066867523891598335
2022-10-20,-0.007751930820906638,-0.006339138227536623,-0.004240653309126041,-0.0053853871539070175
2022-10-21,-0.005208328482694813,0.003189789631157014,0.014373194567838476,0.014890035377929323
2022-10-24,0.013088992981693304,0.03497619528824236,0.0028863974964534744,0.0033344575602842763
2022-10-25,0.0387597157114028,0.10599071522641346,0.009942366333890451,0.009637720395749838
2022-10-26,0.022388097764902914,0.04166669426141034,0.009585563761876692,0.009874955651631767
2022-10-27,-0.007299320884132654,-0.0013333638509114287,0.0030792642577854856,0.0029335121151452537
2022-10-28,0.006127474469343364,0.001335144083768558,0.0069071490588314965,0.007149798832680299
2022-10-31,-0.010962259703984567,0.0066666920979818745,-0.0017784475035249603,-0.0022587833282095016
2022-11-01,0.002463110596742979,0.009271482523950159,0.004835801025239839,0.0054980619623052895
2022-11-02,-0.0024570585896938058,-0.019685052181129592,-0.012158043257392115,-0.013187515130262284
2022-11-03,0.002463110596742979,0.005354811220036115,-0.0025640634390023953,-0.0016297634912586512
2022-11-04,0.01965600008154267,0.04527292481871936,0.00976856654273317,0.010773749028656354
2022-11-07,-0.00963854480333115,-0.02675159754117251,0.005728164353633991,0.005490958699000847
2022-11-08,-0.131386905773616,-0.18062822797385214,0.005442352785086202,0.005782213621214449
2022-11-09,-0.103641426464396,-0.11022364728310996,-0.014853981229999702,-0.016288733234779862
2022-11-10,0.09999997764825852,0.12208255069690566,0.032711442482936004,0.03376626432756358
2022-11-11,-0.07102272765757134,-0.07680000305175783,0.005939165537566016,0.005653275889232479
2022-11-14,-0.030581010769374584,-0.0190641479857927,-0.0088561032432527,-0.008432244031970515
2022-11-15,0.028391139433198598,0.02650178434828332,0.0037229512974230605,0.003779553991603013
2022-11-16,-0.027607335715520098,-0.013769350171074612,-0.0012363807803772442,-0.0021964731826010775
2022-11-17,0.01577285524066596,-0.010471194167507636,-0.003466189446992618,-0.0031446061798816594
2022-11-18,0.015527935363983447,0.008818291574060444,0.0054658688373447895,0.004731849051109016
2022-11-21,-0.05504589229575507,-0.092657299372634,0.0,-0.0003139789250254932
2022-11-22,0.02589002082420455,0.011560682489023755,0.012354830366158032,0.012562861933478775
2022-11-23,0.02208199733693217,0.0514285677955264,0.0024407730325026744,0.003411811101975415
2022-11-24,-0.006172833601124972,0.003623184962974646,0.0031653535203608474,0.00309126100572632
2022-11-25,0.003105587072796734,0.014440419540959093,0.0021844696825552568,0.0018489231797576
2022-11-28,-0.01547986130682022,-0.005338030886491207,-0.006781365652351989,-0.008612697439341788
2022-11-29,0.025157208184474866,0.04651158228042451,0.0024384855623329482,0.004033542350656116
2022-11-30,0.030674817461689097,0.056410244288163325,0.008270497386037023,0.008034558610299669
2022-12-01,-0.005952375461590109,-0.02912618662434696,0.004342588705974704,0.004598452813935783
2022-12-02,0.002994009197675007,0.019999980926513672,-0.00216190608404343,-0.0018309848169929532
2022-12-05,0.0,-0.01797380044676211,-0.011555116313367919,-0.012228606615018789
2022-12-06,0.008955286764893211,0.0033277837212719596,-0.012177301102703875,-0.012689623563422958
2022-12-07,-0.008875801417927431,-0.01990055691889503,0.00024650693280769964,-0.00031348680255238737
2022-12-08,0.014925430495003944,0.03299495375566952,-0.0007394325738854235,0.0006271702146900537
2022-12-09,0.0,-0.007371019844939264,-0.0007400738361268422,-0.0015668830241188925
2022-12-12,0.0,0.0016502028013631875,0.003949638460662763,0.0034525643721170507
2022-12-13,0.032352909414826936,0.036243786485995466,-0.0002458402258015413,0.0006256008193068485
2022-12-14,0.0028490001397227793,-0.00635929445081318,-0.006148548965523748,-0.006251918006307311
2022-12-15,-0.01136362558800319,-0.015999984741210893,-0.014352833916047802,-0.014155418369920736
2022-12-16,-0.0373563545196558,-0.0520325474307588,-0.008285257742503882,-0.007977026125807307
2022-12-19,-0.0179104311903322,-0.037735813562721154,-0.011139205739467917,-0.012544206746038733
2022-12-20,0.015197554071740171,0.03743316098914562,0.004864275986403488,0.005863139848662158
2022-12-21,-0.005988018395350125,-0.006872845476499134,0.013503153612659302,0.013601039109727653
2022-12-22,-0.003012045380823114,0.005190265031527863,-0.011814917557274152,-0.01150155628683458
2022-12-23,-0.015105726036447331,0.0,0.008903547745966245,0.008403368597089678
2022-12-28,0.01226992698467555,-0.015490559978359353,-0.011094266979370548,-0.011217960670227622
2022-12-29,-0.012121200736670112,-0.005244708753771921,0.003824520818792365,0.004538067679653146
2022-12-30,-0.006134963492337775,0.0035149351011225516,-0.006350012872302413,-0.005808335156670008
2023-01-03,0.021604917603937457,0.019264471590109133,0.0043456540972452995,0.0038948666443843205
2023-01-04,-0.0030211452072894662,0.018900284094982345,0.0073810361102011335,0.006789495066300333
2023-01-05,0.009090900552502612,0.013490793062236328,-0.003789831201099547,-0.0028901783671135828
2023-01-06,-0.006006000415836432,-0.001663931530947127,0.015977708933279766,0.015458984263421183
2023-01-09,0.015105726036447331,0.0366666316986084,0.0019969549080134374,0.0015857670780743405
2023-01-10,0.017857197342682873,0.022508094541019208,0.0022421563018533153,0.0028499098418404145
2023-01-11,0.005847947508874407,0.0,0.006214268029944403,0.0066308520355782274
2023-01-12,0.08139533916636399,0.06446538345991382,0.00864630169901992,0.008782957779688294
2023-01-13,0.02150535566956502,-0.004431345626716543,0.007592396392154255,0.007462738793704071
2023-01-16,0.09210530195870281,0.1112759681704818,0.0019446240214291421,0.0018517764125975944
2023-01-17,0.004819272401665575,-0.005340449008726211,0.0031537421050020775,0.002156490967299529
2023-01-18,-0.023980792039083765,-0.03087248657207331,-0.003627514309958557,-0.003381512895154759
2023-01-19,0.01474200006115689,0.023545717622442286,-0.0019417919799324945,-0.0015422344196317495
2023-01-20,0.055690075714349474,0.04871449797273231,0.0077820939478694395,0.007723200749127912
2023-01-23,0.03211006013725681,-0.003870994813980566,0.006515455277781967,0.006744366275502234
2023-01-24,-0.0022222730848524552,-0.014248660578592531,-0.0004795123040680638,0.0
2023-01-25,-0.0022271163818317063,-0.01839689104684672,-0.0009593931913552955,-0.0012180546693508765
2023-01-26,0.0022320875004695484,0.00803218491324209,0.005041994640556657,0.005487814309836914
2023-01-27,-0.0022271163818317063,-0.003984091497005848,0.001433290915407115,0.0006064420267215542
2023-01-30,-0.013392844313413588,-0.022666676839192657,-0.006917870073880672,-0.006363608620383543
2023-01-31,0.013574647453366007,0.01773535004011162,0.01008883396995608,0.008844187478812104
2023-02-01,0.017857125751218117,0.025469176440869656,-0.0011890425200408172,-0.0003023620216695555
2023-02-02,0.017543843138140724,0.030065361595585705,0.00023805527459996867,-0.00030233811991142723
2023-02-03,-0.01939648240095737,-0.010152274434545583,0.0007141774623391495,0.0003024295558946566
2023-02-06,-0.010989052448102776,0.0012820194615579261,-0.005708888516654409,-0.006047800568040329
2023-02-07,0.006666713290744308,0.005121634077604353,0.004067033175729096,0.004867655996693809
2023-02-08,-0.013245125129748625,-0.007643304905536774,-0.0021443924224499034,-0.002119276337003484
2023-02-09,-0.03691274487642715,-0.03851093609806666,-0.003581698234318087,-0.003944091536070782
2023-02-10,-0.022067315674740073,-0.038718287144851815,0.0014378474466620883,0.0006090966174570056
2023-02-13,-0.005938264879074784,-0.02777775202268362,0.004307257746646753,0.004261893785352688
2023-02-14,0.028673808171997717,0.047142846243722,0.0004765417484382528,0.0009093294262079166
2023-02-15,0.0917537739087324,0.07094133510762735,0.00023811195840761634,0.0012114147478134996
2023-02-16,0.02340428467625899,0.015286609811073548,-0.004761922927129847,-0.00574720004578555
2023-02-17,0.02079000121043273,0.016311241493138118,-0.0038277476156087786,-0.004563362216484235
2023-02-21,-0.01832987343129311,-0.01975312552025288,-0.012968321888630618,-0.01283624596495514
2023-02-22,-0.02904571334786865,-0.0314861458688096,-0.003162950322244451,-0.003405591732192681
2023-02-23,0.006410301476228897,0.02275678967432393,0.00048817322840499777,0.0006213252133249192
2023-02-24,-0.024416188327795907,-0.018436107456605733,0.0004878419674940737,0.0012418788160297733
2023-02-27,0.0032644927111364908,0.00259067117487799,0.0029261826747994935,0.0024806769319283273
2023-02-28,0.002169143547736674,0.010335969368078679,-0.0019450967414806897,-0.0018559038011987106
2023-03-01,0.0021645517596426966,0.002557542261826473,0.001948887516238118,0.0024790212340444207
2023-03-02,0.0,0.005102035851341613,0.00437637492101417,0.004327765408016937
2023-03-03,-0.047516255203240765,-0.05203049724553932,0.011619451132399927,0.011695821292302844
2023-03-06,0.0011338128376245926,0.00133871876341507,-0.00239297168287933,-0.0030422414776561935
2023-03-07,-0.003397478282038291,0.0013368652432057537,-0.011513541809733074,-0.011901110289915806
2023-03-08,0.004545450112051208,0.009345817596857708,0.0036399303375724834,0.0033971774775474195
2023-03-09,-0.08597287508635931,-0.09391534967207038,-0.012572544731382918,-0.011695938703723874
2023-03-10,-0.009900980750178201,0.005839410570790848,-0.015426078985342873,-0.015571472765366745
2023-03-13,0.2174999713897705,0.17561691414100422,-0.009450317385476081,-0.009490703531050748
2023-03-14,0.02874750443791463,0.02222214111412235,0.004770238964961537,0.006068365930963715
2023-03-15,-0.023952167048707396,-0.03502415111177348,-0.01449279921090485,-0.016190483456566263
2023-03-16,0.018404939682048038,0.013767285795074358,0.009127804839926368,0.009035194860067763
2023-03-17,0.08032130398301685,0.03641976079023568,-0.008793931679154099,-0.0079948831576665
2023-03-20,0.027881058025408523,0.004169129899181945,0.007604543251172213,0.007092176341326528
2023-03-21,0.018083164708602162,0.018979815138781664,0.006540838277564909,0.0070422315930323
2023-03-22,-0.05328600082358159,-0.03143195028725687,-0.005498560740690106,-0.014303841979859455
2023-03-23,0.06378989820913206,0.056490418782249474,-0.004146793458930431,-0.004514652970497135
2023-03-24,-0.019400376020153987,-0.030716667265199504,0.0023975071470820897,0.0025915102536822054
2023-03-27,-0.03687049025464051,-0.041079854772871016,0.0060422421045758234,0.00646199840583872
2023-03-28,0.01027074288379537,0.04283970357421252,0.0015015359025454256,0.0022471812417801384
2023-03-29,0.036044395039060095,0.012910757132297057,0.009495278954738673,0.00896863205649523
2023-03-30,-0.018733277201815723,-0.01622251928925078,0.006188118578160484,0.005714295402405645
2023-03-31,0.018181800842285156,0.024734987492150973,-0.00024605500258345625,0.007891414065395619
2023-04-03,-0.023214306545501162,-0.014942542217354249,0.010334694634605679,0.009708780780711912
2023-04-04,0.005484499261251052,0.029171529626889736,-0.00048710319276024094,0.0
2023-04-05,0.0036363601684570312,0.023809528958397275,-0.004629689014806093,-0.005583135725951371
2023-04-06,-0.005434820636233795,-0.018826144110860255,0.0017135788846740496,0.002183396501115986
2023-04-10,0.04735887790918447,0.011286725208207171,0.0031769568409680815,0.004045977251677435
2023-04-11,0.02782606041949731,0.0,0.00755179973331499,0.00712967665531683
2023-04-12,-0.013536366458805515,0.0033481844691369833,0.001692449076190261,0.0012310587492700975
2023-04-13,0.013722114022807652,0.050055597410673336,0.0048274381237325414,0.005840837643288577
2023-04-14,-0.005076097080497832,0.04025425120045267,0.0012010385726086703,0.0006112609112929324
2023-04-17,-0.02380958173434755,-0.005091572160322966,0.003119027523113882,0.002748935490955784
2023-04-18,0.02439030468732617,0.0020470320524359487,0.0019133703355611598,0.002436735056217776
2023-04-19,-0.028911577038312597,-0.043922401108405285,-0.0002386803933845938,-0.000607731931218658
2023-04-20,-0.03677758962242017,-0.025641002128344415,-0.0023878291850020217,-0.0024322899921548347
2023-04-21,-0.02545452117919922,-0.04057016339933872,0.0033508710803937802,0.00365738881018296
2023-04-24,0.0055969649671485655,-0.0034285409109933163,0.0,0.0
2023-04-25,0.01298704515683391,0.00802748769273487,-0.011927481437019827,-0.011843285333560716
2023-04-26,0.00915754402665403,-0.0022752564477985793,-0.003379995070917241,-0.003380473486682467
2023-04-27,0.06170592770006644,0.04560998832972385,0.008478737867451125,0.008325638458923423
2023-04-28,-0.015384560208191234,-0.01744818386923863,0.005284588046152061,0.004892961580399868
2023-05-01,-0.052083364377417896,-0.04439517891712985,-0.0009557252637609759,-0.0006086566461405152
2023-05-02,0.03663000144099149,0.03832751879962415,-0.00980626247178329,-0.01065768795660349
2023-05-03,-0.012367437581508822,-0.002237081099336957,-0.0031401223025069314,-0.002462352321382255
2023-05-04,0.016100120446162602,-0.0011211018829935249,-0.005573044334509114,-0.005245238190239809
2023-05-05,0.012323974256501335,0.05050502996314177,0.015107186112420123,0.014888322495247408
2023-05-08,-0.07652174908181897,-0.08012820806729026,0.0021603493259130246,0.0015280939851833875
2023-05-09,0.011299424374030087,0.009291512996056017,-0.00047905288056704354,0.000305105932057792
2023-05-10,-0.0009311200274629838,0.0,-0.0033548859617584803,-0.0033557234425840576
2023-05-11,-0.021435186584210397,-0.027617926663648706,-0.0038470749416948946,-0.004285258570400408
2023-05-12,-0.007619040352957573,0.008284100601017919,0.0007240834920565486,0.0003074742270459119
2023-05-15,0.024952037138017857,0.01408449285348734,0.005547504759170874,0.005838925057261468
2023-05-16,-0.011235944019676425,-0.0034723015571050952,-0.014391904386792165,-0.014359951948566763
2023-05-17,0.011363625074878314,0.0011614668154000807,0.0024336450170296953,0.003099885121556456
2023-05-18,-0.016853960677187363,-0.013921100597706015,0.0,0.0003089716113913177
2023-05-19,0.0,0.010588253245634283,0.0033989611316693757,0.0027803569835536113
2023-05-23,0.013333366030738425,0.02095463352483784,-0.011129999486820363,-0.0098582779990678
2023-05-24,-0.026315853158898173,-0.027366101740624038,-0.010521172410413615,-0.010889809606960399
2023-05-25,0.009652546793790018,0.011723374513505913,-0.007171046258111047,-0.007549596462879338
2023-05-26,0.009560265880022012,0.013904969173555548,0.007471960788524079,0.007290061969788875
2023-05-29,0.028409017532163627,0.02742854527064731,0.0029665990017659905,0.002517304026984135
2023-05-30,0.009208138547982525,0.010011140698471532,-0.011338404928096235,-0.010985573595877707
2023-05-31,-0.029197052345843022,-0.02202641089709456,-0.008726060421151649,-0.008251355982013653
2023-06-01,-0.015037668789816938,-0.006756803923811283,0.005533230130545075,0.004799987792968752
2023-06-02,0.01335881196926847,0.019274385734242783,0.018259118324029266,0.018471335374277364
2023-06-05,-0.05838040416574286,-0.05228023640939805,-0.004667124317903837,-0.0043777170623013895
2023-06-06,0.05299997329711914,0.04342721428165275,0.006169792625263959,0.005967293523820638
2023-06-07,-0.02374169101041934,-0.022497272802657786,-0.003188645245415511,-0.004058668926663511
2023-06-08,-0.0019454771020286366,-0.00345221339698476,-0.001968455156468263,-0.0015673742212680697
2023-06-09,-0.003898631672582975,-0.009237866641529036,-0.0024655395816680636,-0.0018838136647963966
2023-06-12,-0.019569452450051816,-0.057109530941174325,0.0019773067934989452,0.0015727975973767183
2023-06-13,-0.001996053577839385,0.00123612221176983,0.0034533642448639768,0.0031407154833698048
2023-06-14,-0.002000045776367143,-0.004938266662867674,0.0012290864475283936,0.002191539959460753
2023-06-15,-0.022044020385315055,-0.040942975603332044,0.001964199164100844,0.0009372882089142553
2023-06-16,0.030737723739708622,0.02846051612533107,-0.002695432654985286,-0.00249693597904721
2023-06-19,0.013916439742432063,0.0025157209316162277,-0.0014742351883603177,-0.001564431742579031
2023-06-20,0.06078430364242826,0.03387703739450432,-0.009104304563031351,-0.009401417690225289
2023-06-21,0.06284661038401529,0.052184504504838136,-0.002731577082223602,-0.002847205025311439
2023-06-22,0.003478257552437247,0.0034601767828374985,-0.006225099625245867,-0.005710669497514087
2023-06-23,0.024263408483255366,0.010344845351840659,-0.00826855468852672,-0.008296114474025229
2023-06-26,-0.02199655515400467,-0.026166045874230215,0.008590104147591537,-0.000321757686820634
2023-06-27,0.015570877592358423,0.02102796059319867,0.008266579313408018,0.008046347037513613
2023-06-28,-0.013628607370651635,-0.02517154680958833,0.003975151488499584,0.003831444457300881
2023-06-29,0.01727114081026082,0.011737021411106552,0.005939165537566016,0.006361286647376785
2023-06-30,-0.010186747731683932,0.03364268743655763,0.004674012781722192,0.011694024621435872
2023-07-04,0.010291585517105739,0.005611693781272686,0.0029382696238104966,0.0024992763276987517
2023-07-05,-0.0067911651544559914,-0.010044659844276493,-0.005859322976901948,-0.004362710781637302
2023-07-06,0.006837600428224233,-0.007891735707706404,-0.013752489108627475,-0.014397526786755765
2023-07-07,-0.015280081118988709,-0.013636350336153957,0.001245000927552864,0.0009527052036699679
2023-07-10,0.02068963476083585,0.014976971183215282,-0.0009948002098510988,0.0
2023-07-11,-0.010135125338900708,-0.013620979967969071,0.0032362726920842633,0.003172600888877719
2023-07-12,-0.013651863802616737,-0.004602987777274747,0.009677404392846478,0.009171378889367032
2023-07-13,0.04152245024332313,0.0531791975067315,0.010321995522675875,0.010654971927725132
2023-07-14,-0.04485049531261942,-0.028539987377162124,-0.0007297197482726281,-0.0012403384659641636
2023-07-17,-0.006956515104874272,-0.014689277834734837,-0.0009737320775167202,-0.0012418788160297733
2023-07-18,-0.008756600770722489,0.0,0.006578958375742072,0.006838707902554253
2023-07-19,0.00883395619837768,0.009174302896359121,0.0060518032362408825,0.005866083513017095
2023-07-20,-0.0070052472129243926,-0.011363679466167786,-0.0020453054947334737,-0.002762435467456137
2023-07-21,0.007054666898553608,0.005747148486326958,0.005183849559923237,0.005540057900268236
2023-07-24,-0.029772342409495778,-0.02742854527064731,0.002158794808168496,0.001836589429259572
2023-07-25,0.0018050954784647466,0.0047003479174152485,-0.0009573265198346004,-0.0009165530008078404
2023-07-26,0.00900895714943828,0.007017481240222834,0.0002395381200561708,0.0006116347797258115
2023-07-27,-0.003571425226269853,0.0011614668154000807,-0.007664663349083112,-0.008251847423307312
2023-07-28,0.00358422602149977,0.003480247490658339,0.006758358127791242,0.006779580919366701
2023-07-31,-0.007142850452539706,-0.005780258874628963,0.0033564946708559695,0.0045914151908796885
2023-08-01,0.008992840152776571,-0.0011628172602623499,-0.0031062666226464586,-0.003656274619152078
2023-08-02,0.0017824869530642662,-0.0011641709783699605,-0.014861043347102365,-0.01559639523949119
2023-08-03,0.0035587155398177917,0.004662000257425358,-0.004622837804449498,-0.004659761341436752
2023-08-04,-0.005319101716554586,-0.005800486241145708,0.005133196901880188,0.005305810364784502
2023-08-08,0.030303043181471034,0.008168103966305962,-0.0017023272529791411,-0.0009313498959810929
2023-08-09,-0.012110755903190218,0.0023147573257693566,0.003775946330693225,0.003418291153150399
2023-08-10,0.0017512700486641553,0.0011547608612054727,0.003276260539599285,0.0030968866920348948
2023-08-11,-0.0017482084635430661,-0.0023068578532494666,0.0026608759057944464,0.0030874433684096037
2023-08-14,0.0,0.0023121917509483225,-0.0053076288698123975,-0.005232439977226888
2023-08-15,-0.003502623606462252,-0.005767034636086854,-0.018190638087000055,-0.019183135449845068
2023-08-16,-0.0017575094518929024,-0.002320128115414488,-0.0004940824602234217,0.00031540445717892496
2023-08-17,-0.03873235859867963,-0.038372082449798506,-0.003954519303820514,-0.004099626758748753
2023-08-18,-0.06776554633224019,-0.05078603747074972,0.00024819197071535015,0.0
2023-08-21,0.00196458776913655,0.007643304905536663,-0.0014884984184290184,-0.0009499900797336203
2023-08-22,-0.010784280268057334,-0.026548677901135243,-0.004472057271447949,-0.004754346185659286
2023-08-23,0.0327056411016422,0.03376626432756358,0.009732952149206442,0.00923569805893254
2023-08-24,-0.023032607424272156,-0.015075362435176154,-0.00519028890816875,-0.004102274090387659
2023-08-25,0.00196458776913655,-0.005102035851341613,0.0029813399226028547,0.0022179878329768865
2023-08-28,0.0,0.0038461195176413554,0.009165289977003166,0.009484702888683527
2023-08-29,0.06666669783249457,0.04725413654716304,0.013500226175769958,0.013466968401690815
2023-08-30,-0.025735269303862496,-0.018292636831624076,0.0021797081761276704,0.0024721265404374915
2023-08-31,-0.03584906610996086,-0.027329225070331975,-0.0012082947261949917,-0.0012329563046635794
2023-09-01,-0.013698663372291198,-0.01660282448373085,0.012581578031184426,0.012345607788387003
2023-09-05,0.003968250213867153,0.009090931609783803,-0.005973715868940688,-0.006402411260893581
2023-09-06,-0.003952565445193956,-0.0012869693782785463,-0.009374985671959823,-0.00981895346198114
2023-09-07,0.011904750641601458,0.007731951161061623,-0.00412516798646001,-0.003408757632201942
2023-09-08,-0.0019607357316996366,-0.003836343881048254,-0.003167667281070874,-0.003109405304588031
2023-09-11,-0.035363516656136906,-0.06418485268914731,0.006110975334452817,0.005302500363800311
2023-09-12,0.036659941093613924,0.03703703461445329,0.001700672864036079,0.0015513260245325622
2023-09-13,0.003929269219441034,0.0,0.0026679750563392,0.0034077018126195124
2023-09-14,0.015655561960041364,0.01851850099804664,0.015481359150608887,0.015436863520281285
2023-09-15,-0.00770712165934917,-0.0077922005539980965,0.001667453444200051,0.0006081014939138818
2023-09-18,0.013592173500576399,0.009816791546201298,-0.005469668166690922,-0.00425400760551653
2023-09-19,0.009578580985541985,-0.00194430888218744,-0.012673332930762005,-0.013121766834577775
2023-09-20,-0.003795062808140126,-0.012987000923330161,-0.00048438986001941853,-0.0006184433416606128
2023-09-21,-0.015238080705915147,-0.017105278430553206,-0.020353771341668825,-0.020420787550867514
2023-09-22,0.0,0.0,-0.000989386970700168,-0.0006317264011391766
2023-09-25,-0.007736936414457607,0.00133871876341507,0.000495183413367295,-0.007269265065522612
2023-09-26,0.0,0.0013368652432057537,-0.011383298347181658,-0.012416408517766042
2023-09-27,-0.001949362311646996,0.004005368588131608,-0.0060075512861926805,-0.006447477755900488
2023-09-28,0.033203140643309315,0.03523934403693252,0.001007326024920152,0.00876056004014214
2023-09-29,-0.0037807147581732092,0.012202988939092663,-0.0017609986119300203,-0.0016082096112947086
2023-10-02,0.05882351876688996,-0.043147226859147514,-0.01814519191445696,-0.01804128082389589
2023-10-03,-0.028673808171997717,0.043766568352203716,-0.008470175156881421,-0.00853019136439137
2023-10-04,0.012915072663999494,0.0,0.000776566877230378,0.0003309142656868769
2023-10-05,-0.0072859678543995,-0.016518439178056288,0.00620801033145546,0.006615969764075524
2023-10-06,0.014678973090459513,0.015503923248683105,0.005655460086794628,0.005586594629939379
2023-10-10,-0.03074142311828898,-0.05597965009495798,0.013292445602288705,0.012745077934201765
2023-10-11,-0.022388126755056525,-0.0053908303829838244,0.0085771987341825,0.008389810609942261
2023-10-12,0.007633671839197387,-0.009485117964212919,-0.008003994459433672,-0.008000000000000007
2023-10-13,-0.0018939826675118399,0.005471951048718893,-0.0017649948334225174,-0.0019354666433026857
2023-10-16,0.05882351876688996,0.026530635944426617,0.008335388105217056,0.008080154999506428
2023-10-17,0.002688148152452552,-0.012591155211157057,0.0030060809640863884,0.003847352671691562
2023-10-18,-0.002680941384822111,0.0026845612669199603,-0.011738291956952973,-0.012136670943733052
2023-10-19,0.019713285845592843,0.00133871876341507,-0.005559798392717696,-0.005496284339366664
2023-10-20,0.028119480808980635,0.026737942346945376,-0.01168993906760074,-0.011703530808609752
2023-10-23,0.05811968515053256,0.06119789071575066,-0.0035998815079874014,-0.0036183784336589753
2023-10-24,0.07754442885886248,0.04294483409225536,-0.0036128874747983764,-0.0029712825971476287
2023-10-25,0.03748125894159027,0.010588253245634283,-0.001294981514378457,-0.001986800389907506
2023-10-26,-0.01878614349821517,0.00465657289202448,-0.0036307883651341966,-0.0036495920779848756
2023-10-27,-0.005891010615280079,-0.006952539840213712,-0.007027502757265713,-0.00666003191363207
2023-10-30,0.016296316076207962,0.015169208759649111,0.006553079685472918,0.006704685331913485
2023-10-31,0.0043731388319701026,0.008046051727953696,0.0013020634133791287,0.0006659523795460309
2023-11-01,0.0043541669651223636,0.010262165817095603,0.01040306120272394,0.010648972056484851
2023-11-02,0.001445050857576513,-0.020315954681308646,0.027799276022471453,0.02897593468715942
2023-11-03,-0.015872966724678417,-0.0011521000610879018,0.010267965045794414,0.010239990234375052
2023-11-06,0.014662742245680649,0.04382930923840922,-0.003966282766656004,-0.0041178068426752645
2023-11-07,0.02312136497804751,0.011049660297000496,-0.007715315354317798,-0.008587800673578005
2023-11-08,0.0,-0.0032786594778033695,-0.0025081132881877855,-0.0028873966110876115
2023-11-09,0.025423772191449423,0.07346492156812912,0.003017322869085959,0.0035392731860228732
2023-11-10,0.022038545780700636,0.018386139517585054,0.003258988972282939,0.003206167994788345
2023-11-13,-0.0202156460680728,0.005015064131965508,0.0024987124681976614,0.003195860376963733
2023-11-14,-0.045392011632990226,-0.058882248067239185,0.01645064469051083,0.016247220095519266
2023-11-15,0.06916426730776304,0.03499468855000254,0.0012261660925600992,0.0012539472102095495
2023-11-16,-0.037735876944653746,-0.039959050632874304,0.0007347239272974537,0.000626128681297855
2023-11-17,0.014005589146010688,-0.002134418818956263,0.0061184531636220285,0.005632049760077473
2023-11-20,0.026243102655666872,0.04278070611879459,0.0036486915338034276,0.0034225455021941187
2023-11-21,-0.010767150141905546,-0.024615361140324477,-0.006543787058893247,-0.005891430285549948
2023-11-22,0.019047601129539737,0.0525762342761571,0.00024392098374703686,0.0
2023-11-23,-0.014686202942410076,-0.013986047964196002,0.0002438615008097944,0.0006238445697739348
2023-11-24,0.01084009789505469,0.00709216774426058,-0.000975301206220136,-0.0012469112607288446
2023-11-27,-0.032171614842905205,-0.049295753702563894,-0.003661252658276881,-0.0031211104435787673
2023-11-28,0.03324103253872135,0.0338625031700841,0.0004899671218323576,0.0003130941989550884
2023-11-29,-0.01474532613296442,-0.01944734136697346,0.0046522680215255185,0.004381827427398122
2023-11-30,-0.0027210858756485656,0.005219226631843377,0.0065805621690613325,0.0065440661724558424
2023-12-01,0.025920881200281798,0.01765317489861884,0.01041162985760824,0.010216775196578043
2023-12-04,0.08111703923691338,0.07142855057563491,-0.0021567254630999733,-0.001838840678115905
2023-12-05,0.05535052926577744,0.02047620500837044,-0.0012007501871620363,-0.0015351316404369486
2023-12-06,-0.0011655278520698031,-0.003266434616303382,-0.005049268663192996,-0.004920044439111093
2023-12-07,-0.01166854508242332,0.041198461405480113,0.0,0.000618061105885026
2023-12-08,0.024793392151879923,0.007194237817389482,0.002899925780263768,0.0027794981352398107
2023-12-11,-0.08525348179009495,-0.07500001490116148,-0.000240923410438576,-0.0006159672624501678
2023-12-12,0.013853920997692226,-0.003861000306814355,-0.0038563470942241107,-0.004006196149730301
2023-12-13,0.034782574700241264,0.030038801238741586,0.018630452672466102,0.019492607489601133
2023-12-14,-0.0048019162328192255,0.00376293146024409,0.007838523587062385,0.008194247390347797
2023-12-15,-0.01930034356433763,-0.016869756690601756,-0.0120198475739407,-0.012341957626316735
2023-12-18,-0.007995145528000625,-0.031458525348554756,0.005248120952116464,0.0048765571690088105
2023-12-19,0.001859931072933918,-0.011811012535560939,0.010441443943502549,0.010312409463133054
2023-12-20,0.03341589855360172,0.011952179881974168,-0.01197750385859564,-0.011408017185491004
2023-12-21,0.0011975179342158526,0.016732291225107332,0.008081772166728118,0.008199224271529415
2023-12-22,-0.0023922852763973435,0.03291385818964354,0.00565908227612133,0.005120426657793331
2023-12-27,-0.008393248626320182,0.012183703234430743,0.006799462847712157,0.006892404842619548
2023-12-28,-0.02176545286727294,0.004629647208502563,-0.01024682442433289,-0.008333297381323712
2023-12-29,-0.006180493175747204,-0.017511569343546918,0.001647051642922781,0.0015005773564971125
2024-01-02,0.06716417467849967,0.04221386638897395,-0.0035236440440271632,-0.0038956325315838702
2024-01-03,-0.04428905802096794,-0.07290724491207012,-0.0023573427260140667,-0.002406793833181875
2024-01-04,0.03292688585902148,0.024271844210729476,0.0023629129216020672,0.002412600465103276
2024-01-05,-0.0035419935891018994,-0.009478708972683103,0.003300405714024679,0.002707585681206215
2024-01-08,0.06398104131522997,0.04114835531332117,0.00681384143497854,0.006600581875782607
2024-01-09,0.004454445163299292,-0.037683809108413624,-0.004667373520747642,-0.003576719362550995
2024-01-10,-0.029933530383723816,0.10410698422047049,0.0007033711189592395,0.0
2024-01-11,0.014857155936104816,0.04238752191450268,-0.003280210605609124,-0.0029912794857381853
2024-01-12,-0.060810805731281836,-0.007468892212723066,0.0028208493018853087,0.0030002540842324343
2024-01-15,-0.010791385004946807,-0.01588625248973985,0.003516210183202917,0.004187836924032684
2024-01-16,0.007272778135357427,0.030586205834833624,-0.005839756878774027,-0.0062555581287370154
2024-01-17,-0.00722026673729903,-0.018136872625985845,-0.011513196960898142,-0.011390919099603436
2024-01-18,-0.049696951201467776,-0.04030222908362391,0.0030901133600726993,0.002728931286752445
2024-01-19,0.020408143405366452,0.010498677371403309,0.007345913577944563,0.007257383752088842
2024-01-22,-0.03374999761581421,-0.05454546355300405,0.0009409766433012834,0.0012007535028848437
2024-01-23,-0.02328587682981631,-0.06135531791326976,0.004935348724748101,0.0050975109871294055
2024-01-24,0.015894024175832744,0.006829238519435954,-0.0002338241797397167,0.0002982792779433474
2024-01-25,0.0013037486238864915,0.003875965410453208,0.003742686489172087,0.0038771569593825106
2024-01-26,0.054687573244641685,0.018339820497499604,0.0013983074692234254,0.0005941906670925423
2024-01-29,0.02469133331433837,0.016113751016160194,0.004421657465940365,0.0038598891608458974
2024-01-30,0.00722885115223959,0.03171643135435542,0.001158462401235294,0.0011829961314842041
2024-01-31,-0.021531023791095172,-0.03435805606000941,-0.009719930058879278,-0.008567123010412736
2024-02-01,0.008557419585904835,-0.0009363509921427315,0.004440257598593345,0.003873577118546523
2024-02-02,0.0012121489553740261,0.0056231926441767666,-0.0006979706751135684,-0.001484097331512113
2024-02-05,-0.004842610259641833,0.0,-0.01047731676241892,-0.010107020177072767
2024-02-06,0.013381952932345342,0.036346725066259467,0.004470555922564401,0.004204185971651064
2024-02-07,0.02160868029104357,0.023381315787555312,0.0004685045305004021,0.0005980998380692437
2024-02-08,0.03172732042626891,-0.005272444553015454,-0.0018730512309119707,-0.00268978347431148
2024-02-09,0.0444191748501086,0.02826860928669883,0.0037532217547087132,0.004495101308966021
2024-02-12,0.055616164082732844,0.059278312717500725,0.0030380287599105493,0.0026849687159549163
2024-02-13,-0.009297536131250839,-0.00648823391736153,-0.022716647616880636,-0.02261238091130513
2024-02-14,0.0500520891135543,0.059591799366230935,0.014185271785245535,0.014916337936904833
2024-02-15,-0.007944381939472445,0.017719607397691517,0.01763046506485244,0.01619678803407054
2024-02-16,0.004004000277224362,-0.01514003093774341,0.0025410165863986034,0.00118055193533384
2024-02-20,0.003988032195209046,0.074557978192892,-0.0025345761862697325,-0.0008843980222953407
2024-02-21,-0.020854026267240977,-0.025751049246433566,-0.0027720661594855533,-0.002065497081289447
2024-02-22,0.019269831711297147,0.03450809625388751,0.006949341313005286,0.006505062764290637
2024-02-23,-0.012935334524746156,-0.018452819451111324,0.005290994611860889,0.0047003479174152485
2024-02-26,0.06149190040179309,0.07809110120491192,-0.00389020550742758,-0.0040935493136055046
2024-02-27,0.05223173833639527,0.020120737344402784,0.0,0.0
2024-02-28,0.055054121017828805,0.018408923883559858,-0.0029863831165507504,-0.0032296126223242405
2024-02-29,0.03079560507048007,0.03357007523868649,0.005760368461068532,0.005596424814116485
2024-03-01,0.019916993138531014,0.012492120720274835,0.008705549602161522,0.009666134650100355
2024-03-04,0.0659072760073931,0.03701421439588226,-0.0013626518341390836,-0.0014506251809408566
2024-03-05,-0.07938930775331376,-0.04937536883256077,0.00045486598154220736,-0.00029048001351217323
2024-03-06,0.07462683144408033,0.13579475209360758,0.002955154545529526,0.003778002577498274
2024-03-07,0.007716078794396619,0.012121279632343107,0.009066217941130272,0.00897503041044767
2024-03-08,0.02986212688497636,0.01143163172993189,-0.0024708133248093622,-0.00258250090469081
2024-03-11,0.03122677191449652,0.015070004725256103,0.0018014373188373067,0.001438522847305057
2024-03-12,-0.005767838815150084,-0.013255566909302408,0.003371492594351544,0.003447254442708436
2024-03-13,0.02900649888591622,0.005373372963001,0.006496436368558456,0.006584584604262034
2024-03-14,-0.05355879476262748,-0.05398174083137164,-0.005786826941118872,-0.005403828996972226
2024-03-15,-0.0014892373275645632,-0.020904001315531717,-0.006491988196043463,0.0008578432442007955
2024-03-18,-0.03355703313836944,-0.05828045200971044,-0.00045066375129132474,-0.0005714416503905806
2024-03-19,-0.03626545259609504,-0.03921564960882995,0.0015779912953357567,0.0011435367653176431
2024-03-20,0.017614112975208984,0.006377514403644646,0.007652490440074988,0.008566511511682195
2024-03-21,-0.005507450402370329,0.022813666842151692,0.0029037540046013,0.00169879314296284
2024-03-22,-0.018196241270843405,-0.022304812285689146,-0.004454359825003085,-0.011871169331905018
2024-03-25,0.11361803906114787,0.08491768877932038,-0.0017897501049041198,-0.001430184163899284
2024-03-26,-0.0238784320544988,-0.021612197493908858,-0.0015687964253670028,-0.0014322325201686636
2024-03-27,-0.011119319575632614,-0.02029851657241133,0.009876598180504903,0.0100401166951547
2024-03-28,0.03223390556651262,0.029859827889970214,0.0026672355502979084,0.0028401673223121815
2024-04-01,-0.015250546925622777,-0.02958579948438389,0.0006650139412764933,0.0011327414124751023
2024-04-02,-0.05604721278491809,-0.06006095607248063,-0.004430677129900862,-0.005091946617976628
2024-04-03,-0.003906264842953311,0.008433351590179994,0.001335144083768558,0.0017060385673830503
2024-04-04,0.03921568627450989,0.015117378933668713,-0.0024444580078124556,-0.002554645295410607
2024-04-05,-0.012075460182045972,-0.010773135562147207,0.009356248370531839,0.00967558789110412
2024-04-08,0.06340717448669886,0.11467008335822393,0.0002206647810674145,0.00028190914203829465
2024-04-09,-0.03663794727633496,-0.04942521389983634,0.004413079529704822,0.004508307687942192
2024-04-10,0.021625649899540633,0.006650465351526469,-0.006810223422090145,-0.00701262242074574
2024-04-11,0.006569354294955865,0.0012012287220362072,-0.0042025797513063345,-0.004237331056871518
2024-04-12,-0.044234928090259196,-0.08218355604612926,-0.009329230994491233,-0.009929034726839592
2024-04-15,-0.05235208786654233,-0.033333347877385955,-0.006502177371112361,-0.007163323469044025
2024-04-16,-0.008006359457799928,-0.011494258061691465,-0.0038366503808111574,-0.004617600010568879
2024-04-17,-0.032284145368903006,-0.021203794006085075,0.00022660028021692646,0.0008697819030725196
2024-04-18,0.04253546610654135,0.01886788932020078,0.0011324855114951404,0.0020278010977974326
2024-04-19,0.013600006103515527,0.016460889737587747,0.004751110426421956,0.005203824931533374
2024-04-22,0.029202832149256785,0.0195681489760291,0.0033776520241903807,0.0028759986426392103
2024-04-23,-0.0038343704663444944,0.007279987614225547,0.005610412753484617,0.006595914805894054
2024-04-24,-0.03618162599197916,-0.023653127729007628,-0.005132772488005699,-0.005697919001040552
2024-04-25,0.007188434155189327,0.005383575070952773,0.0006729201001507423,0.0002864848451593627
2024-04-26,-0.012688330830158745,-0.006024042934495544,0.00403497652349305,0.004583209627941898
2024-04-29,-0.01285139356331877,0.013468000277946368,0.0015628420047644198,0.0005703010532567276
2024-04-30,-0.0553295612112642,-0.07574753015781122,-0.012706190081787194,-0.011684236125085068
2024-05-01,-0.037036982275375,0.0014378474466620883,0.00022574669962804883,0.0
2024-05-02,0.037567089877404314,0.017228985345319137,0.004288994236534727,0.004325303476324427
2024-05-03,0.04568963065017084,0.02681722740966319,0.005619240066718101,0.006029258496490275
2024-05-06,0.01648803028674628,-0.004811041070852395,0.013634259561234874,0.01398395693398502
2024-05-07,0.001622097152265134,-0.0027624283920971715,0.0017640977672874758,0.0014073474099567385
2024-05-08,-0.012145794945047528,-0.014542939352453765,-0.001540825321461492,-0.0016863791512974347
2024-05-09,-0.001639303639510481,0.008432947511854971,0.005731885318226215,0.00563065203721691
2024-05-10,-0.027914625949837624,-0.04529620591815042,-0.002411236583231946,-0.0033595392631867727
2024-05-13,0.04138511527054867,0.020437936997767858,-0.002416980876974728,-0.0022471353872549615
2024-05-14,-0.02595293566944612,-0.023605145530159688,-0.0004405387024550844,0.0005630759432972976
2024-05-15,0.07160696422045909,0.04102567291331516,0.001762847388155464,0.001969603067557557
2024-05-16,-0.01476298229003803,-0.02392682277798419,0.0008799145695761457,0.0008424256889272286
2024-05-17,0.02917980099795847,0.05118962105300362,0.006813216995406934,0.007014590468051862
2024-05-21,0.03371644244845973,0.19890258118692294,0.0010914480585388908,0.0005572710533241487
2024-05-22,0.007412926847028212,0.012013787032080447,-0.0047972354508313275,-0.005569500523232795
2024-05-23,-0.031640934536258825,0.015828082014910594,-0.007011386921639606,-0.006440760238953236
2024-05-24,0.026595773976285653,-0.012242588857029002,0.005737028640363517,0.004791487763132762
2024-05-27,-0.0029607669263775893,0.02647883455518274,0.0024132687853328783,0.0030854639816619844
2024-05-28,-0.0096510847708835,-0.006586110669982936,-0.005252743947977145,-0.005033459142254171
2024-05-29,-0.011993991422936445,-0.018784538421113717,-0.01672171888829066,-0.016020333900713224
2024-05-30,0.01669190502735418,0.0011261518865943732,0.007831781149556294,0.007712095707174127
2024-05-31,-0.019402931537996326,0.0011247778201752823,0.008658956077285174,0.00963719286712128
2024-06-03,0.025114148788721202,-0.0022471353872549615,-0.006163301285845968,-0.007299223170399105
2024-06-04,0.02152932116585582,0.011824272621976162,-0.005315651613638006,-0.005656130075996191
2024-06-05,0.013081348001990012,0.020589919497572273,0.007348070188731182,0.0076791939401428255
2024-06-06,-0.014347189044867759,-0.02344603607405671,0.0028735024004176157,0.003386930026846091
2024-06-07,-0.00873361627060032,-0.020100536762627685,-0.0085959752882947,-0.009282644822489972
2024-06-10,0.0014684624032101912,-0.0074073599098557485,0.0028901971862664855,0.0025553705130194615
2024-06-11,-0.03005870900048291,-0.04477615862395856,-0.007980505552663497,-0.0076465717151714685
2024-06-12,0.0007558752250829137,0.003605851892539258,0.00357541558462815,0.0034246269620270553
2024-06-13,-0.013595117417910862,-0.010778460895357389,-0.011801353397853931,-0.011945340465529752
2024-06-14,-0.0176110634395672,-0.023607826040572988,-0.002027943903150309,-0.0025906778422430943
2024-06-17,0.01558844976262197,0.04153751464064559,-0.002032064816606005,-0.0014430894532707628
2024-06-18,-0.0330007183663551,-0.034523806550335046,0.0011312044388576137,0.0011560958754741613
2024-06-19,0.006349200101906982,0.03452536356336022,-0.004067803506797363,-0.004330188043434657
2024-06-20,0.0,-0.0047675757111096395,0.0024960429115792326,0.00231945527585653
2024-06-21,-0.00867512679054605,0.0017963340075677348,-0.008601201120198243,-0.0008677691513363506
2024-06-24,-0.08512328725551188,-0.07650925092614147,0.012785419704235634,0.013317865439484322
2024-06-25,0.0478261035421621,0.040453136659555966,-0.002254334703390981,-0.009428623744419662
2024-06-26,-0.01244818006890358,0.0009330879587277074,0.00045188564216336324,0.0
2024-06-27,0.006722682879878539,0.012430128094640613,0.006549253015402767,0.006634074677846824
2024-06-28,-0.02086811431992197,-0.021485654725189596,-0.0017948848307196563,-0.0014327521367222262
2024-07-02,0.02813306822324524,0.010037691674931626,0.0035963102129876745,0.0034434075132354636
2024-07-03,-0.03814262206813357,-0.045962776848389564,0.012318011607273194,0.012868085002404328
2024-07-04,-0.02068971697413624,-0.04101563336735148,0.0013273795925008436,0.0011293313832640983
2024-07-05,-0.0352112350897088,-0.04412760615955791,-0.0077330642311265185,-0.008460215589568665
2024-07-08,0.0018247722645754472,0.005681812794001706,0.002226641604561319,0.002559731313380942
2024-07-09,0.024590206650289215,0.020480223515399798,-0.0035547623501146486,-0.003971613890735859
2024-07-10,-0.008888922797309018,0.009688605202125222,0.014492788138085855,0.014810608052520546
2024-07-11,0.0008968815447505385,0.0006854166399758999,0.00813184465680794,0.008700464476582903
2024-07-12,0.00358422602149977,0.004794499520223372,0.00610426423619348,0.005564851713456109
2024-07-15,0.10357141671132042,0.09406947195566939,0.003683600505408169,0.0033203910877523946
2024-07-16,0.0275081037242757,0.02056074388739293,0.010362684486156404,0.011307221908188225
2024-07-17,-0.008267680615217543,-0.015262516044494134,-0.005982879997039503,-0.006544801629490671
2024-07-18,-0.013894417389809677,-0.00433972092165269,-0.005159107396929152,-0.005490001681691892
2024-07-19,0.060386473059007795,0.03798260464735126,-0.0017285656540079186,-0.0013800507229446701
2024-07-22,0.01594533310026125,-0.005998823096103889,0.0080086347570274,0.007739048560948092
2024-07-23,-0.03886400996382955,-0.0090524816712656,-0.0025767432396633927,-0.0021941310577676676
2024-07-24,0.004665662614193433,-0.025578567255935214,-0.007535033004727354,-0.008246267956365627
2024-07-25,-0.01547986130682022,-0.06937497854232788,-0.0006507327611673386,-0.0005543363843861782
2024-07-26,0.05503143039073577,0.04768301019317067,0.008031233651740965,0.008874089923391892
2024-07-29,-0.011177318753912924,0.0131410204290483,0.00021537761684431445,-0.0013743605165632555
2024-07-30,-0.021100277090170927,-0.011705182919617863,0.001506990175984324,0.002752503965898878
2024-07-31,-0.011547314947901732,-0.004481414554230234,0.0116079301421681,0.012077919929264214
2024-08-01,-0.02414333457419926,-0.036012888279600364,-0.016362100197487184,-0.016002174387850787
2024-08-02,-0.012769341645801346,-0.038692457142231795,-0.022575112615563775,-0.022326284064154156
2024-08-06,-0.09862572985575002,-0.17834834989854387,-0.00983533440887363,-0.011559059298052676
2024-08-07,-0.03856496557962619,-0.05827707138219951,-0.004687479643949111,-0.004278423274483356
2024-08-08,0.08395518620446074,0.09327354237076779,0.015698604183539633,0.01604128833396512
2024-08-09,0.022375235063896604,0.006562828559002698,0.004416002625226012,0.003946980119265531
2024-08-12,-0.027777771088143166,0.024449814659194047,0.0035172530558038595,0.0036506898592256753
2024-08-13,0.029437242162180244,0.01829757370681162,0.009857545086544794,0.010352515794863182
2024-08-14,-0.030277594613673298,-0.015624984866008385,0.0060738091813890005,0.00581553810365909
2024-08-15,-0.031222867737610738,-0.04285713853208939,0.012074116983553207,0.012389888951557015
2024-08-16,0.04028646429646576,0.02985071676213824,0.0019173445935440903,0.0013597834223031402
2024-08-19,-0.012908745267432242,-0.014492778105480664,0.0023389456348441584,0.0027158738443757713
2024-08-20,0.006102850322108333,-0.0024509586219094714,-0.0027577655875783424,-0.002979328307410878
2024-08-21,0.032928952833367164,0.015560981145757324,0.003190843038388236,0.0029882312293014746
2024-08-22,-0.02097315422817747,-0.014112842132594228,-0.0029686045398942262,-0.0035210525423945427
2024-08-23,0.04798624355452641,0.05112474278097823,0.01063377275908639,0.011687966688641804
2024-08-26,-0.0065412859117267574,-0.03229571591697977,0.0024199886923768066,0.0021493286870963857
2024-08-27,-0.021399117972891735,-0.03337353822669342,-0.00346377887359961,-0.0037533349198929367
2024-08-28,-0.0487804799796977,-0.03244595078786827,-0.0052664839597890145,-0.005382151877306396
2024-08-29,0.005304992371027328,0.009458267892934913,0.00423542869699256,0.004599620883486422
2024-08-30,-0.009674552135832126,-0.010221455527988699,0.005904736499494634,0.004578458498653237
2024-09-03,-0.007104788817042462,-0.018932897521127923,-0.012997880963693254,-0.01206436386444587
2024-09-04,-0.0017889496616929623,0.0008772130891636643,0.0006371873009802798,0.0
2024-09-05,-0.035842260214997146,-0.03768626739055647,-0.0023349736558354595,-0.0029849877940034686
2024-09-06,-0.04182154272239269,-0.0573769751394988,-0.0089361312541556,-0.008709948146492286
2024-09-09,0.06789522606936615,0.05893716272410665,0.01094886864502409,0.01098301883551378
2024-09-10,0.020435914906267172,0.018248157716151958,-0.0009556590252018937,-0.0002715459428591638
2024-09-11,-0.009345753933683865,-0.022401433998045506,0.008608834302420876,0.008421557919817912
2024-09-12,0.012578647069473758,0.01099907307400616,0.011591132312270158,0.01158406027879555
2024-09-13,0.0239573640747599,0.02357209747744915,0.004374980926513672,0.0053262521172585675
2024-09-16,-0.029462751621473604,-0.059344559659677665,0.006948746957776919,0.005827846906043099
2024-09-17,0.035714337412192876,0.03672319656547929,-0.0017509339309653704,-0.001053487338460557
2024-09-18,0.0025861837917793284,-0.0163488012201487,-0.0028889680621825287,-0.0034273943334900414
2024-09-19,0.048151286365597956,0.0600184324200661,0.011175515706494998,0.010846557028766579
2024-09-20,-0.004922023626558358,0.04268299166648104,-0.005935344083190741,0.00026176750772366475
2024-09-23,0.0032976060573493005,0.03592308620793361,0.0010294263408421322,0.0013081955903617715
2024-09-24,0.011503725755553695,-0.011290273706075382,0.002056813883489772,-0.0044421735460964396
2024-09-25,-0.016247015119572272,-0.027732475223526176,-0.002052592083595095,-0.0020996855527897207
2024-09-26,0.023947148643652216,0.029362447921942092,0.00534763763764623,0.005523384585593094
2024-09-27,0.018951662708148964,0.029339824225471878,-0.0016366986355668134,-0.0018310147962958823
2024-09-30,-0.03521967870497744,-0.04592240051074059,0.0014344199983318262,0.0007861315360804255
2024-10-01,-0.029532376461814946,-0.04315356427657946,0.0010231069808337434,0.00157112792481362
2024-10-02,-0.02366861663372477,-0.041630490316814206,0.0,-0.0007842818116829964
2024-10-03,0.01731600051622273,-0.006334900207262351,-0.0020441226055599726,-0.0010465963958598001
2024-10-04,0.025106389471825086,0.038251374663391235,0.008500633308511585,0.008119470162733178
2024-10-07,0.017849742733587748,0.005263194879337574,-0.0019295464512120164,-0.0025981367746810147
2024-10-08,-0.015497596289600235,0.0,-0.001017485504305471,-0.0013024026531771593
2024-10-09,-0.01491295410542981,-0.004363018374208272,0.005907535437480682,0.006520605086203224
2024-10-10,-0.020185089811814994,-0.018404911564885107,0.003442652192550799,0.0033687760456386773
2024-10-11,0.05836912681904183,0.041964310270791616,0.006861758987346089,0.007231373204274583
2024-10-15,0.06407136794333201,0.053127667652593136,-0.0016034880203670276,-0.0012820317195012532
2024-10-16,0.007621980361432357,0.004882052058823083,0.004818266555965733,0.004878013427146444
2024-10-17,-0.00907714698451001,-0.003238863207894682,0.005594457507739792,0.005109881605985578
2024-10-18,0.02900756867947263,0.02355807895756823,0.005364526788071977,0.005592303504062146
2024-10-21,-0.013353068072256224,0.011904731268966628,-0.003557318391379849,-0.004044485385688912
2024-10-22,-0.0037594127832941693,-0.021960763370289516,-0.0005949777942545476,-0.0005076258119059984
2024-10-23,-0.015849059482790362,-0.04330392544423667,-0.005556633909275188,-0.005840516404214902
2024-10-24,0.029141113155871423,0.012573312212338816,-0.00039913106206468374,0.0
2024-10-25,-0.019374085499531346,-0.02483445303225018,-0.0033939305874367554,-0.003320589094467863
2024-10-28,0.04559273468287439,0.01443124619248759,0.0046074392101376205,0.0035878879550494958
2024-10-29,0.040697634929319326,0.04937239849413633,-0.00019944438536667608,-0.000255319754141059
2024-10-30,-0.00837988045505711,0.01036683531390592,-0.002393277489938339,-0.0017879870267168974
2024-10-31,-0.026760571798950084,-0.052091542497067045,-0.013394681677548537,-0.014073772415249874
2024-11-01,-0.006512312197922587,0.007493767766253434,0.004255378027621326,0.004152604528450787
2024-11-04,-0.03204658376205849,-0.04545455978473756,-0.0006053792002175262,0.0005169412890562164
2024-11-05,0.02633561944878493,-0.0017316413362240546,0.006056996954403537,0.005166643442770846
2024-11-06,0.10557181408637062,0.12055510628919697,0.010435412882974004,0.009766154448867415
2024-11-07,0.0,0.07198144734396528,0.008937453358032199,0.00916265212427847
2024-11-08,0.005636607332693,0.0151624572103215,-0.0031496033428162207,-0.003530976014069598
2024-11-11,0.13484992599826873,0.14295869240538162,0.0021722079715120746,0.0007593671290486714
2024-11-12,0.029633948635242602,-0.02053515432314168,0.0049261083743843415,0.005311054112550284
2024-11-13,0.006772056652562197,-0.03176620122431428,0.003529417748544761,0.003018841053704868
2024-11-14,-0.020739957178740553,-0.01706038272878263,0.0021492889741236976,0.00200656717326142
2024-11-15,0.04693770088164939,-0.002002652462478882,-0.00526419288251434,-0.005256547696175895
2024-11-18,-0.007107767173749502,0.01605349660067734,0.003136022069317068,0.0032711939589173955
2024-11-19,0.008259890957633909,-0.019749785737188108,0.001172359768136788,0.0015049253799459539
2024-11-20,0.02184596560334673,-0.009402306252164427,0.0011709125025061162,0.0010017759885205813
2024-11-21,0.04062000353129669,0.08813554149563019,0.014424984200237523,0.014510833090918274
2024-11-22,0.010785875666531108,-0.015576265308998805,0.002305897958755798,0.00221948592555421
2024-11-25,-0.043699217328029505,0.06392400398829001,-0.000383444360087859,-0.0012302962059906886
2024-11-26,-0.035600429710857306,-0.04580598303855288,0.0,-0.00024632474736674403
2024-11-27,0.05950412927851678,0.08790522237733622,0.0028768992641892144,0.0027106158376295486
2024-11-28,-0.019240714544589976,-0.018911169586130483,0.002677364452041253,0.0031949145368095344
2024-11-29,0.027041368630810858,0.013434552042149717,0.0038146244855106204,0.004164673809738728
2024-12-02,-0.016004200302517146,0.0040345644544756976,-0.0020900742564909924,-0.0024396751579274234
2024-12-03,0.0015740129845813744,0.0005740659493707057,0.0019040074876144342,0.0019565133834396065
2024-12-04,0.03404922018516365,0.07573147858363782,0.0,0.0002440400594410086
2024-12-05,0.0,-0.015466715494791616,0.0017103792173085441,0.001952216494591097
2024-12-06,0.03292804590004583,0.06717235861131776,0.0011383300006295727,0.0002435051436628921
2024-12-09,-0.05051489995726943,-0.07411172260297116,-0.002463541159513305,-0.002434830164697921
2024-12-10,0.0010329829434172488,-0.026315764707210976,-0.004559229987694979,-0.004881639174528218
2024-12-11,0.050567672447009215,0.0501125776001452,0.005725176113065222,0.006131959705494516
2024-12-12,-0.00982321988918644,0.01769436624428522,-0.009108150574712703,-0.009019964109111545
2024-12-13,0.019841251069335764,0.010537448248846948,-0.00488320685856547,-0.005166122786889105
2024-12-16,0.039883254675300295,0.03493222448558275,-0.003752519854741232,-0.004451046273203807
2024-12-17,0.012628646789619058,-0.02670028596776608,-0.001545331859132526,-0.0007451261934312559
2024-12-18,-0.04942261956939731,-0.053312567058311555,-0.022054544784982477,-0.022868460835537285
2024-12-19,-0.045675439142000784,-0.0902133101851369,-0.006132493833283292,-0.005596571178260068
2024-12-20,-0.0005091766391350783,0.023437578804220704,0.0077627264454409595,0.007418800572916995
2024-12-23,-0.0351502117273671,-0.017028825827045013,0.00612280371427798,0.006602293409883053
2024-12-24,0.06335791033548288,0.030465963910092153,0.003140947226649926,0.002522762118015498
2024-12-27,-0.04270102924853869,-0.045797154523324224,-0.000978458680108707,-0.0005032827609191548
2024-12-30,-0.006742793749238918,0.013973357374116091,-0.01508326090639156,-0.013343468723709173
2024-12-31,-0.006788468060375807,-0.011384093947145346,0.004574374459432873,0.005613708303454423
2025-01-02,0.042586721684948925,0.03242423317649146,0.006929366470977527,0.006851064674170626
2025-01-03,0.015128554625051027,0.049603717107333134,0.007274851109802416,0.007056420794945284
2025-01-06,0.031296626645822556,0.010626428578057734,-0.00273276187584226,-0.002752768089884783
2025-01-07,-0.05491326479189729,-0.07858329276567033,-0.002642362911137397,-0.002509372094105178
2025-01-08,-0.0249746002806972,-0.028828801996014564,0.004906289687298893,0.004276683495479494
2025-01-09,-0.02143229824353421,-0.02597403056971459,0.0012693804195815783,0.0012525815143125119
2025-01-10,0.03205130360457309,0.023492116776723693,-0.011897807780479441,-0.011258462576837935
2025-01-13,-0.012422348597782795,-0.05397027257690712,-0.008882762816716405,-0.009615411531215812
2025-01-14,0.028825955936047754,0.03803278188236425,0.0019916807536706216,0.001788443942662088
2025-01-15,0.029546609704664162,0.06443464704230228,0.008547014379611362,0.00841626724713107
2025-01-16,0.013854562064806508,-0.02255199166245292,0.0029562023299123386,0.002529045822096121
2025-01-17,0.04685217191531965,0.05889503710644428,0.008547875388253523,0.0085771987341825
2025-01-20,-0.021445266921205075,-0.06536704484445544,0.0038967512901406653,0.004502258810324067
2025-01-21,0.024773723841540196,-0.003067438000050049,0.0047549524430718915,0.004233117138657816
2025-01-22,-0.013017233085360291,-0.012307739257812478,0.00115899889434945,0.001239752908269054
2025-01-23,-0.01083370453111654,-0.0018690829110823426,0.004630481483520521,0.00495296576644666
2025-01-24,0.015238080705915147,0.025592998482931506,0.0015364284909462622,0.0012321151997161106
2025-01-27,-0.032832967430142856,-0.059647016293841726,-0.005752694975645234,-0.006645347050595052
2025-01-28,-0.0007275119489097426,-0.012944971633281122,0.004821600913349711,0.005450971689200168
2025-01-29,0.03178843490400873,0.01573768990938773,0.0017274501962336597,0.0017249800804752802
2025-01-30,0.010818416733781255,0.0355068529719853,0.013987345496168313,0.014022132187654135
2025-01-31,-0.028850578803543026,0.019326648893285947,-0.0098260895891632,-0.010917048753347314
2025-02-03,0.0004790762401123416,-0.1743119458700304,-0.010687048797402121,-0.011773351406595967
2025-02-04,-0.04262449355461384,-0.007407435664424145,0.0,0.0017373962083291339
2025-02-05,-0.015007465757652994,0.008955286764893211,0.011381175749445527,0.01164522332991691
2025-02-06,-0.005078739398546861,-0.015532546674314918,-0.0009536379319000643,-0.0014695412833750643
2025-02-07,-0.012761612968490654,-0.049586835483017344,-0.003531908543690898,-0.0036792132498085772
2025-02-10,0.018097227440967423,0.040316224842787074,0.008525715057497107,0.008370264931765181
2025-02-11,-0.02234639523226789,-0.03571430641932971,-0.0005698856315483614,-0.0004882924367850539
2025-02-12,0.01818183799842732,0.03152092871799028,-0.00304124397559169,-0.002686780638593733
2025-02-13,-0.013775533291261355,-0.0160427834758623,0.005338394189208895,0.004898284087023308
2025-02-14,0.008277281326622754,0.02717386837621172,-0.007206544119365277,-0.007799164132212599
2025-02-18,-0.03232422617573272,-0.03628114579323649,0.0059217073987931634,0.007123579514840994
2025-02-19,0.02545066419419273,0.03921568627450989,0.0,-0.0017073096298589885
2025-02-20,0.02016542846801639,0.00377359930074439,-0.004557570815841738,-0.00390910936279365
2025-02-21,-0.03243788162682826,-0.039849603411314494,-0.014116709073216271,-0.014226191428561519
2025-02-24,-0.007333650525375157,0.007830808473825446,0.0,0.000248871275746243
2025-02-25,-0.05963066082430879,-0.052836077018056704,0.0023219607425728483,0.001741285907853829
2025-02-26,-0.04152636272676791,-0.0639868547843433,0.005212364126262248,0.005463154164447204
2025-02-27,-0.0040983428066099226,-0.027169103425772057,-0.0072978888101089545,-0.007903272320476717
2025-02-28,0.01116993130517474,-0.010810886045889423,0.010446912940104358,0.010455613711410905
2025-03-03,0.02267438211332884,-0.03916205550350016,-0.015316853227494653,-0.014781928353425733
2025-03-04,0.008527550723653965,0.0018956875571356502,-0.016138476105961752,-0.017504394437582116
2025-03-05,0.03438560418386705,0.0359508160276476,0.012055348394200971,0.012471312098541798
2025-03-06,-0.01743867510473529,-0.014611858465671257,-0.01191174812062279,-0.011563577138973158
2025-03-07,-0.02107604290867804,-0.01853566357481151,0.006719370807131142,0.007121026995677626
2025-03-10,-0.08838524077386267,-0.12842309638864524,-0.014330576401970552,-0.01489899432631192
2025-03-11,0.051584830070530385,0.044420457358667065,-0.006174020399247859,-0.004870511019840484
2025-03-12,-0.0029550376380079735,-0.042531201917478834,0.007013997262897531,0.007470399737432576
2025-03-13,-0.030823973437769103,-0.009750726259707743,-0.009154210636271753,-0.0092048224171154
2025-03-14,0.04892961580399868,0.03719903568296479,0.015063265439027251,0.014967789188508052
2025-03-17,-0.0058309261629182485,-0.0021096524319702548,0.008903853478190227,0.009661765464702432
2025-03-18,-0.025219848508408527,-0.015856196398034594,-0.0033340258491180164,-0.003021882010863286
2025-03-19,0.039711180149528236,0.06552090539028788,0.015151524250050175,0.013892377745408968
2025-03-20,-0.015046308943886366,-0.02822577931630399,-0.00019380347942687948,0.0
2025-03-21,-0.0017626724934559634,0.004149373488428809,-0.010663106479896878,-0.003487777572924955
2025-03-24,0.051795237196599286,0.05578511826743382,0.013129570834212956,0.013500022888183638
2025-03-25,-0.0055959919850802065,-0.009784772882280857,0.0013539592609521645,0.0017266821224319884
2025-03-26,-0.016882450010186068,-0.03458492408629843,-0.00695384599513893,-0.013297239778659264
2025-03-27,0.008013812392656972,0.003070596884911403,-0.00019448203779182105,-0.0007486593342986847
2025-03-28,-0.0386144396142758,-0.06428572471218252,-0.01556426124530419,-0.01523478012996271
2025-03-31,-0.010632032010108872,-0.02071979634425547,0.007707573440840498,0.007862068752008788
2025-04-01,0.02567166001049448,0.03897554558032468,0.005099005941845203,0.00452935286552969
2025-04-02,0.02211869348175277,0.0010718359017802825,0.011121945264862765,0.0107715512249269
2025-04-03,-0.0711845124155257,-0.08029978455537745,-0.03840212032977475,-0.038413861107198244
2025-04-04,0.03372171443399874,0.02328286446012262,-0.04635764175010315,-0.04664942253052662
2025-04-07,-0.06880194300670539,-0.1467576754779737,-0.013888885544071639,-0.014868965309563387
2025-04-08,-0.01751589948223986,-0.04933331807454422,-0.016005121430457736,-0.014270046030751882
2025-04-09,0.06256072524998779,0.10659182887043639,0.053784417900865966,0.05345217376159339
2025-04-10,-0.042098816722292876,-0.08618502406154183,-0.029635699160052154,-0.029334054066478377
2025-04-11,0.04840759773506598,0.030513146883171416,0.024602328947442853,0.02504769929508588
2025-04-14,0.01032807325331575,0.041722738888522626,0.012212795193876413,0.011952109694680413
2025-04-15,-0.0042092422343208424,-0.010335907761208851,0.008179912038856596,0.007874096162013844
2025-04-16,-0.003321274574247135,-0.020887708955524942,0.0006085718957087316,0.0018229086469447875
2025-04-17,0.004544124008060146,-0.005333328247070335,0.0038515836135519788,0.0038990825688074437
2025-04-21,0.030156815579058138,-0.004021475825059295,-0.007875593417675186,-0.007508987800376565
2025-04-22,0.04566748771250939,0.07873492981155827,0.013230158702428385,0.01200101911030882
2025-04-23,0.026875673338897954,0.05427316872229193,0.007432759253821253,0.006960568481337415
2025-04-24,-0.002181074983344522,-0.014201170209200087,0.01086736096436769,0.010752640915996148
2025-04-25,0.019672165320231416,0.02400958116409635,-0.0004931753827677188,0.0
2025-04-28,-0.009110400733337687,-0.007033935266195335,0.0037498016236894305,0.003292833577066112
2025-04-29,0.005949194792494561,0.01416763657330744,0.003342472805843988,0.0032820264103015084
2025-04-30,-0.016129093454646193,-0.02328286446012262,-0.0021556067603942797,-0.0020131310436767302
2025-05-01,0.030054708597765156,0.03694868334410706,-0.00039270706570060376,-0.0007563988757511853
2025-05-02,0.001061032220632363,-0.0022987936238868523,0.009037309836597451,0.008831654420587087
2025-05-05,-0.025437277596033314,-0.014976971183215282,-0.002725844781633846,-0.0025012124878953657
2025-05-06,0.0027189312707278646,-0.019883049415386544,-0.00039048139959019235,0.0005015159786356804
2025-05-07,0.017895873869231416,0.011933105779209363,0.007421895751030805,0.006766832900777953
2025-05-08,0.05807139722988364,0.18396232356461883,0.004652924684950932,0.004480963738627608
2025-05-09,0.021148039445428424,0.10458169270162743,0.0034735682407531776,0.0042131843883863596
2025-05-12,-0.010355078141569107,0.0577095925015918,0.007115364074707031,0.006910137614354994
2025-05-13,0.02690587562224045,0.08866163308724806,0.0038189949783955512,0.0034313576535871526
2025-05-14,-0.013100458504016865,-0.02897422286374718,0.0028533674481583393,0.002686873816351243
2025-05-15,-0.001474960001005221,-0.029838701366261544,0.00948406654823164,0.008769807966928056
2025-05-16,0.010339783227145682,0.026600220748259407,0.0026305784749582894,0.0031393641292987162
2025-05-20,0.02339179003549785,-0.03643730761455255,0.002998497855734028,0.0028887561203665424
2025-05-21,0.011428560529436416,-0.0008402752544587333,-0.008408085932184894,-0.007921219816757197
2025-05-22,0.023540489895856442,0.04541631171241156,0.0,0.00024191437431020368
2025-05-23,-0.031278763216877725,-0.035398272184627655,0.000376869377778144,0.0012094638818576087
2025-05-26,0.0037986669389724614,-0.00667222061995032,0.00809945948276325,0.00797298468038199
2025-05-27,0.01277201823836771,0.06297229299822082,0.006259325142140559,0.0067113799401790075
2025-05-28,-0.02568889495471094,-0.024486529990421113,0.0012069190838635002,0.0011904580252510844
2025-05-29,-0.01390224865973555,0.009716589623683936,-0.0025964279377344024,-0.0028537201917236965
2025-05-30,-0.016528933283039393,-0.0352847253115941,-0.0011156110069836522,-0.0014309890974079087
2025-06-02,-0.0029658659070711524,-0.017456362660708602,0.008004473108799148,0.009075736274400947
2025-06-03,0.01834411689805915,0.03722508844482331,0.001107988123787429,0.0011834138949242679
2025-06-04,-0.015579434659661828,-0.0032626395682111564,-0.003873807194599399,-0.003546045245556906
2025-06-05,-0.030662658404507548,-0.03764321015508598,-9.261237250435261e-05,0.0
2025-06-06,0.028061185018166013,-0.015306148101401518,0.0037966818244279388,0.0037959630277564216
2025-06-09,0.03870971222888797,0.03713301450853246,-0.0016605193970666843,-0.002127160237926695
2025-06-10,0.009077904027102734,0.07493751884916211,0.0018480590092981863,0.002368509503312355
2025-06-11,-0.00946973271743079,0.013168092819770383,0.004058314414658204,0.00401706013394354
2025-06-12,-0.021510552643323577,-0.04281341507712444,0.003123243946209442,0.003059478660454973
2025-06-13,-0.01709811850813092,-0.06549525707006276,-0.004395565393344958,-0.0032848285583532144
2025-06-16,0.032057580691413845,0.05042736429112371,0.003127265765941578,0.002354102869491115
2025-06-17,-0.03154340469778194,-0.043124469862999115,-0.0014670459957499826,-0.0011743318367202216
2025-06-18,-0.005469945649575925,-0.012755150449418995,0.0011018835216360934,0.0009405341329757899
2025-06-19,0.005000019073486239,0.00387597567826492,-0.0020179196301836066,-0.0011745181446789488
2025-06-20,-0.005472667077806248,-0.02788501215883643,-0.006801520886098089,-0.0009407552939016961
2025-06-23,-0.002000950907288246,-0.044130626952065266,0.004627059145812851,0.004472660752269375
2025-06-24,0.022556332750962582,0.04986149267379103,0.004237279797508986,0.003515386274098198
2025-06-25,0.01960782480441492,-0.001758971353619465,-0.005870477062513646,-0.012143868787241607
2025-06-26,-0.0076923006385033466,-0.00528638040529561,0.006458798628679929,0.006855813729501614
2025-06-27,-0.0009689220448847458,-0.0035429550033817536,-0.001283456062507904,-0.0016435711334451542
2025-06-30,0.0019398160305894585,0.036444430881076295,0.00660915370449322,0.006585107626586373
2025-07-02,0.015488852719633517,0.033876540560276336,0.0007294747308839167,0.0011682064942013515
2025-07-03,0.0009533106863710561,-0.008710119722316612,0.00628761121594712,0.006067728016081464
2025-07-04,-0.018095198131742984,-0.03514645046005005,0.00027165425349973127,0.00046394009465333674
2025-07-07,0.007759449122217266,0.025151775244516505,-0.0010863909793287219,-0.0009274499081085574
2025-07-08,0.007699703663385016,0.027918775992063383,-0.003987627574903452,-0.004177310386130784
2025-07-09,0.02769818094143406,0.05925928309748407,0.002365806484263322,0.002563519243596435
2025-07-10,0.013475790056226122,0.018648001029701433,0.004901899674850441,0.004649018149960549
2025-07-11,0.04401655274317573,0.0694127250127683,-0.0029809775136168115,-0.0025451320510113673
2025-07-14,0.014492749981194653,-0.003566347296884431,0.006795324647423051,0.006726998641185533
2025-07-15,-0.026406952392991734,0.01717965401078758,-0.00521959878256506,-0.0052996163328806745
2025-07-16,0.020453579213105533,0.10837438126100452,0.003437644746433044,0.00324306718285694
2025-07-17,0.002614355727572404,0.01333333575536333,0.009015506820301944,0.009004834386566074
2025-07-18,-0.01434158715443401,0.040726852797680735,-0.0025911447486764994,-0.002517176394304599
2025-07-21,-0.00925930286576604,0.04695958763606356,-0.0002687340323835885,-0.00022937190865346402
2025-07-22,0.016021389468294567,-0.022426647690430013,0.0016129059824092629,0.002065083389383826
2025-07-23,-0.007884376074345667,-0.023529389325310235,0.0019681626686856024,0.0016030115057634742
2025-07-24,0.007064011042243523,0.044578298440535624,-0.0010714530944824219,-0.0006859303347697132
2025-07-25,-0.013152093120759378,-0.020761280691098172,0.004469074117578575,0.003889315653245351
2025-07-28,0.01243894641485821,0.043580670852050085,-0.0026694734801139264,-0.0027347936112341875
2025-07-29,-0.0021939948398647102,-0.005643254965914779,0.004282617056543092,0.004798969543529097
2025-07-30,0.0004397638074973287,0.0034051908674592735,-0.004797449602344184,-0.005685694634056326
2025-07-31,-0.0013187115009014594,-0.004807748323194638,-0.003927823827862498,-0.003430958867582934
2025-08-01,-0.033890782292517296,-0.06166519618157351,-0.009679170221648992,-0.009410141158683882
2025-08-05,0.003189052045155627,0.013325215645341837,0.020452508020185167,0.01992587148730318
2025-08-06,0.01089917194045964,0.026300092414635046,0.013125183571307542,0.012721521296400917
2025-08-07,0.019766420913452043,0.050087397002341216,-0.005952383735044142,-0.00560789568711606
2025-08-08,-0.008370067298315575,0.05490847107129837,-0.00017608879443742342,0.00022554299842592052
2025-08-11,0.022656607005604235,0.048370139545312885,0.0005284266171390328,0.00045107031337043857
2025-08-12,0.0056472266803435645,0.061183514577681564,0.005105649989835204,0.005635707767363218
2025-08-13,0.025053992797554825,0.04820418077122146,0.0026274570936763997,0.002241615618760795
2025-08-14,-0.03455540289264336,-0.039675430838920334,-0.00279524533054476,-0.0029075655575916404
2025-08-15,-0.009166263023627996,-0.03474177453633964,-0.00017523013156295342,0.00044855635363560964
2025-08-18,-0.006607996512660974,-0.006322916543939905,0.00017526084254337881,0.0006727039242289123
2025-08-19,-0.023059803459346884,-0.046500281387601206,-0.002452754026884607,-0.0033610020678684904
2025-08-20,0.010894224404797814,0.051334703465049314,0.0022831238365055295,0.0022482529192340284
2025-08-21,-0.014818137266405462,-0.026367139660577577,0.0056071437977112115,0.005832173863933976
2025-08-22,0.0323609419867843,0.13991970579004653,0.010106322307424698,0.010035699406960807
2025-08-25,-0.0485651390726648,-0.08490982595883922,-0.0058651051479788885,-0.005519982224471254
2025-08-26,0.001856191041462063,0.03846159489197354,0.00607319916075344,0.00621666904097129
2025-08-27,0.005094979600469118,-0.010648126767332844,0.003621922837713676,0.003309830690401361
2025-08-28,-0.0036866322992339384,-0.03041654189762888,8.5943774415842e-05,0.0
2025-08-29,-0.03422764337381201,-0.025096455967538955,0.005069198130244423,0.005058269981563335
2025-09-02,0.027298928404359435,-0.010891149128407829,0.0006838279993552909,0.0017505036109823902
2025-09-03,0.013985977920283998,0.04854861075710293,0.005467276635881424,0.004805618754245566
2025-09-04,-0.019310348335353833,-0.04200482272401418,0.006287217607061413,0.005434782608695565
2025-09-05,0.01687766580587091,0.013452937811120114,0.004728111677224867,0.005189225480363158
2025-09-08,0.001383069550863869,-0.012291052021855209,-0.000504181164653339,-0.0008604197479706865
2025-09-09,-0.0027624064382678615,0.00497761974665023,0.0015133706194807584,0.000861160707649633
2025-09-10,0.020775658638484185,0.008420013461969855,0.0040295140738051405,0.004732144505551927
2025-09-11,0.005427359953512845,0.020137516459781235,0.007525096466231451,0.007921274969689085
2025-09-12,0.02159242249755078,0.05584977476389552,-0.0038174197881548633,-0.00403573564181392
2025-09-15,-0.017613370086120406,-0.04331968762970062,0.004831737975933947,0.0053316272820254085
2025-09-16,0.010309343571974106,-0.0009533106863709451,-0.003316212210003777,-0.004030518225901947
2025-09-17,-0.008429482091401819,0.007156561661781247,0.0003327309525966715,0.0004259948336242658
2025-09-18,0.018344511875357128,0.017053467200109917,0.004656557031816666,0.0042579719617728
2025-09-19,-0.0215289879697087,-0.03306935757706486,0.0044694662877944324,0.010176030857885543
2025-09-22,-0.02334981800965308,-0.06647403915705852,0.006262377491827786,0.006925456574816691
2025-09-23,-0.0036781574117725757,0.004643970922872276,-0.004749441680395927,-0.0041684194424260745
2025-09-24,0.020766071128524688,0.00873138583920463,-0.0016455864417487254,-0.007953061178867626
2025-09-25,-0.03254978270281461,-0.059063130522473695,-0.0011537777639171187,-0.000632966097643739
2025-09-26,-0.002336412988402703,0.029761967426034985,0.0004950923226005877,0.0006333669974805112
2025-09-29,0.04590161708319673,0.03993695225745175,0.007916865145640939,0.008227834959783964
2025-09-30,0.001119553005628715,-0.007579662402198983,0.0018000426976421124,0.0016739488350048237
2025-10-01,0.02795795181382843,0.043279043171342124,0.0026135224472685348,0.002506846652593042
2025-10-02,0.030461304477090057,0.039043492110567346,0.0017921246079728448,0.0020837355829050885
2025-10-03,0.013935807409340528,0.0056363986249172715,0.010733449819423813,0.010605080472343431
2025-10-06,0.02249058738155041,0.04343766052329956,0.0016089858675136792,0.0018518550496624542
2025-10-07,-0.030549899116404156,-0.052820067015043826,-0.005783142334964908,-0.00575064257946567
2025-10-08,0.015966431945237725,0.00992443257729847,0.004524136081082375,0.004751075045678288
2025-10-09,-0.01612900681250018,-0.03696775313536593,-0.007559874856818416,-0.007401328430694409
2025-10-10,-0.03572931268426083,-0.07628764337436855,-0.013290108341728835,-0.013877344363824151
2025-10-14,-0.03225805378772906,0.029458151457125048,0.016261462654408865,0.017013181016797496
2025-10-15,-0.01216218236417399,-0.03168109052391754,0.00888959506312692,0.009500266760954723
2025-10-16,-0.028271811701118366,-0.030606854899993485,-0.005927570373894131,-0.006137463799202658
2025-10-17,-0.01830123882789081,-0.011976113807967925,-0.010475386288053556,-0.01152740535577823
2025-10-20,0.04206496929050196,0.045179047496344715,0.009771961876388735,0.01062053970577903
2025-10-21,0.006880804180208422,0.0015814806395058056,-0.016451620286510815,-0.01730888468404901
2025-10-22,-0.037357702672947024,-0.05684210124768707,0.002787831828775733,0.002935693193064859
2025-10-23,0.022479905363729902,0.020089319688552987,0.0065412543123544165,0.007108432466541803
2025-10-24,0.0039343204638868645,0.018599570011847977,0.005361524535259177,0.005397594895448554
2025-10-27,0.03872753028608389,0.06605797458637319,-0.001292854390332443,-0.0018583553999744762
2025-10-28,-0.014203355189533085,-0.039798534022438714,0.004368939499949986,0.004757954934015762
2025-10-29,-0.027014790583245074,-0.03252880111526857,-0.009344256794088346,-0.009470848000060372
2025-10-30,-0.033780723228451826,-0.05260310155152048,0.0011383914931446526,0.0014549925989639778
2025-10-31,0.032088127549012135,0.05552382706515813,0.0029239815003299086,0.003320876845136045
2025-11-03,-0.02598605502404494,-0.07809113299091397,0.0011337818743311079,-0.00020683329544146645
2025-11-04,-0.053835120204310805,-0.09705880109001608,-0.016178611515645702,-0.015932142118581627
2025-11-05,0.03423969205828459,0.07296409798378956,0.010853475292009973,0.010513035861281272
2025-11-06,-0.029211312304088244,-0.04310862866259879,-0.0074833722146566695,-0.007282610878427298
2025-11-07,0.02106319283074165,0.042512694578906274,0.0006556452487760378,0.001467191284164171
2025-11-10,0.022102104228917785,0.03347530291203249,0.01359544375802102,0.013604050700824821
2025-11-11,-0.030273867224151374,-0.04122490426749614,0.003232074329140744,0.0026843086371266534
2025-11-12,-0.013379606227975183,-0.006756793962656049,0.012725468388032457,0.01359142975179406
2025-11-13,-0.03314916386088751,-0.07050094854322564,-0.018609800999248027,-0.018691628623032308
2025-11-14,-0.03792205414214689,-0.01264135620485074,0.003565598108355328,0.003105621702863548
2025-11-17,-0.02591790120799431,-0.03840968254470123,-0.008397878850829765,-0.007843159177118197
2025-11-18,0.00720616153931064,0.03644004817157853,-0.0013029613854482758,-0.0010401339167458445
2025-11-19,-0.03082000349977998,-0.05476676279282522,0.007501615896313929,0.007913391597100583
